baseline,baseline_stderr,dagformer,dagformer_stderr,delta_dagformer_better,metric,size,task
1.8396428284400301,,1.7591048220679841,,0.080538006372046,"bits_per_byte,none",75m,gsm8k_bpb
0.2167235494880546,0.01204015671348119,0.20477815699658702,0.011792544338513419,-0.011945392491467588,"acc_norm,none",75m,arc_challenge
0.30176767676767674,0.009418994158522537,0.30176767676767674,0.00941899415852254,0.0,"acc_norm,none",75m,arc_easy
0.2020100502512563,0.007349973779583986,0.20904522613065327,0.007443831666570556,0.0070351758793969765,"acc_norm,none",75m,mathqa
0.19574119574119575,0.011359497363584395,0.19574119574119575,0.011359497363584395,0.0,"acc,none",75m,commonsense_qa
0.34032753326509724,0.010721649367740345,0.3413510747185261,0.01072942650813929,0.0010235414534288667,"acc,none",75m,social_iqa
0.244,0.019226734893614577,0.25,0.019384310743640384,0.006000000000000005,"acc_norm,none",75m,openbookqa
0.5035516969218626,0.014052131146915857,0.510655090765588,0.014049294536290396,0.007103393843725381,"acc,none",75m,winogrande
0.01,0.007053278933842963,0.025,0.011067404265948244,0.015000000000000001,"exact_match,flexible-extract",75m,gsm8k
1.5926987628535587,,1.518623902888553,,0.07407485996500562,"bits_per_byte,none",150m,gsm8k_bpb
0.21416382252559726,0.011988383205966511,0.22440273037542663,0.012191404938603843,0.010238907849829365,"acc_norm,none",150m,arc_challenge
0.33585858585858586,0.009691180932083493,0.3472222222222222,0.009769101679700921,0.011363636363636354,"acc_norm,none",150m,arc_easy
0.20100502512562815,0.007336282931564894,0.2221105527638191,0.007609289843903929,0.021105527638190957,"acc_norm,none",150m,mathqa
0.19737919737919737,0.011395305685091195,0.19656019656019655,0.011377439773963998,-0.0008190008190008258,"acc,none",150m,commonsense_qa
0.3428863868986694,0.010740988019953277,0.3638689866939611,0.01088666059978849,0.020982599795291712,"acc,none",150m,social_iqa
0.276,0.02001121929807354,0.256,0.019536923574747588,-0.020000000000000018,"acc_norm,none",150m,openbookqa
0.5027624309392266,0.014052271211616436,0.5280189423835833,0.014030404213405786,0.0252565114443567,"acc,none",150m,winogrande
0.01,0.007053278933842963,0.005,0.005000000000000001,-0.005,"exact_match,flexible-extract",150m,gsm8k
1.4019389196614909,,1.3314682971300202,,0.07047062253147063,"bits_per_byte,none",300m,gsm8k_bpb
0.2167235494880546,0.01204015671348119,0.23293515358361774,0.012352507042617387,0.01621160409556313,"acc_norm,none",300m,arc_challenge
0.36784511784511786,0.009894923464455193,0.38257575757575757,0.009972837790531477,0.014730639730639705,"acc_norm,none",300m,arc_easy
0.21608040201005024,0.007534319642738903,0.22646566164154103,0.007661989801224802,0.010385259631490784,"acc_norm,none",300m,mathqa
0.19901719901719903,0.01143080944283839,0.19574119574119575,0.011359497363584395,-0.0032760032760032753,"acc,none",300m,commonsense_qa
0.3623336745138178,0.0108767705994181,0.36131013306038895,0.010870110581281994,-0.0010235414534288667,"acc,none",300m,social_iqa
0.274,0.01996610354027946,0.276,0.020011219298073535,0.0020000000000000018,"acc_norm,none",300m,openbookqa
0.5130228887134964,0.014047718393997663,0.5217048145224941,0.01403923921648463,0.008681925808997626,"acc,none",300m,winogrande
0.025,0.011067404265948244,0.015,0.008616625276509277,-0.010000000000000002,"exact_match,flexible-extract",300m,gsm8k
1.249138055239367,,,,,"bits_per_byte,none",600m,gsm8k_bpb
0.23720136518771331,0.012430399829260842,,,,"acc_norm,none",600m,arc_challenge
0.4057239057239057,0.01007575554012887,,,,"acc_norm,none",600m,arc_easy
0.22144053601340033,0.007601075507352048,,,,"acc_norm,none",600m,mathqa
0.19656019656019655,0.011377439773963998,,,,"acc,none",600m,commonsense_qa
0.3889457523029683,0.0110314672121277,,,,"acc,none",600m,social_iqa
0.28,0.020099950647503237,,,,"acc_norm,none",600m,openbookqa
0.5114443567482242,0.014048804199859325,,,,"acc,none",600m,winogrande
0.02,0.009924336870116691,,,,"exact_match,flexible-extract",600m,gsm8k
