name,family,group,source,panels,total_params,training_tokens,analytic_training_flops,wikitext2_nll,layers,width,batch_sequences,non_embedding_params,dolma_heldout_nll,mathinstruct_nll,gsm8k_nll
shared_75m_baseline,dense,shared12b,PR #3,"['parameters', 'compute']",76558848,1572864000,7.81752767348736e+17,4.980341424333289,,,,,,,
shared_75m_dagformer,fourway_corrected,shared12b,PR #3,"['parameters', 'compute']",105657332,1572864000,9.25553104257024e+17,4.775157083010843,,,,,,,
timan_75m_dense,dense,timan12b,PR #3,"['parameters', 'compute']",76558848,1585152000,787860210843648000,4.996735809542608,,,,,,,
timan_75m_corrected,fourway_corrected,timan12b,PR #3,"['parameters', 'compute']",105657332,1585152000,932783987884032000,4.71090813900562,,,,,,,
shared_150m_baseline,dense,shared12b,PR #3,"['parameters', 'compute']",152593152,3145728000,3.11711546474496e+18,4.297423704296139,,,,,,,
shared_150m_dagformer,fourway_corrected,shared12b,PR #3,"['parameters', 'compute']",182561679,3145728000,4.134862457929728e+18,4.100284312633758,,,,,,,
timan_150m_dense,dense,timan12b,PR #3,"['parameters', 'compute']",152593152,3170304000,3141467929313280000,4.268440172181907,,,,,,,
timan_150m_corrected,fourway_corrected,timan12b,PR #3,"['parameters', 'compute']",182561679,3170304000,4167166070882304000,4.084553136893198,,,,,,,
300m_dense,dense,delta21b,PR #3,"['parameters', 'compute']",304137216,6291456000,1.2428879440379904e+19,3.8077879290208747,,,,,,,
300m_fourway_corrected,fourway_corrected,delta21b,PR #3,"['parameters', 'compute']",336459069,6291456000,2.052758627470541e+19,3.5438556535869625,,,,,,,
dense_L6_d512_D1572864000_B512_s42,dense,new21b,first_seed_results/dense_L6_d512_D1572864000_B512_s42/evaluation.json,"['depth', 'width', 'data', 'batch']",76558848,1572864000,781752767348736000,5.458102297275625,6,512,512,25178624,4.876486608991399,4.259971742236286,4.837791114332573
fourway_corrected_L6_d512_D1572864000_B512_s42,fourway_corrected,new21b,first_seed_results/fourway_corrected_L6_d512_D1572864000_B512_s42/evaluation.json,"['depth', 'width', 'data', 'batch']",105657332,1572864000,925553104257024000,4.850497490970801,6,512,512,27538420,4.487872474594042,3.650344504128902,4.177074896661859
dense_L4_d512_D1572864000_B512_s42,dense,new21b,first_seed_results/dense_L4_d512_D1572864000_B512_s42/evaluation.json,['depth'],68166144,1572864000,682796720848896000,5.349737415922449,4,512,512,16785920,4.815648265415803,4.1547274693436576,4.716941308747068
fourway_corrected_L4_d512_D1572864000_B512_s42,fourway_corrected,new21b,first_seed_results/fourway_corrected_L4_d512_D1572864000_B512_s42/evaluation.json,['depth'],96957281,1572864000,756691230523392000,5.018962785707298,4,512,512,18838369,4.608517301734537,3.796538273949142,4.370693288921739
dense_L8_d512_D1572864000_B512_s42,dense,new21b,first_seed_results/dense_L8_d512_D1572864000_B512_s42/evaluation.json,['depth'],84951552,1572864000,880708813848576000,5.522188912046716,8,512,512,33571328,4.908980248495936,4.364355716683449,4.96796168779072
dense_L12_d512_D1572864000_B512_s42,dense,new21b,first_seed_results/dense_L12_d512_D1572864000_B512_s42/evaluation.json,['depth'],101736960,1572864000,1078620906848256000,5.627031177493698,12,512,512,50356736,4.966281558852643,4.460506903469016,5.080045499299702
fourway_corrected_L12_d512_D1572864000_B512_s42,fourway_corrected,new21b,first_seed_results/fourway_corrected_L12_d512_D1572864000_B512_s42/evaluation.json,['depth'],132142085,1572864000,1614347344281600000,4.670027626321671,12,512,512,54023173,4.358242308720946,3.479439481135902,3.921065074975411
dense_L16_d512_D1572864000_B512_s42,dense,new21b,first_seed_results/dense_L16_d512_D1572864000_B512_s42/evaluation.json,['depth'],118522368,1572864000,1276532999847936000,5.74398131742545,16,512,512,67142144,5.023415439296514,4.611791734301716,5.362687720066052
dense_L6_d384_D1572864000_B512_s42,dense,new21b,first_seed_results/dense_L6_d384_D1572864000_B512_s42/evaluation.json,['width'],52700544,1572864000,541784354586624000,5.719105135464499,6,384,512,14165376,5.079753194004297,4.561731397558789,5.1083737583251665
fourway_corrected_L6_d384_D1572864000_B512_s42,fourway_corrected,new21b,first_seed_results/fourway_corrected_L6_d384_D1572864000_B512_s42/evaluation.json,['width'],81717108,1572864000,636010031480832000,5.130296252298017,6,384,512,16443252,4.741526857484132,3.9659763607410117,4.546699300337066
dense_L6_d768_D1572864000_B512_s42,dense,new21b,first_seed_results/dense_L6_d768_D1572864000_B512_s42/evaluation.json,['width'],133712640,1572864000,1350750034722816000,5.190769455957074,6,768,512,56642304,4.614715630188584,4.022851612589775,4.70921309941123
fourway_corrected_L6_d512_D786432000_B512_s42,fourway_corrected,new21b,first_seed_results/fourway_corrected_L6_d512_D786432000_B512_s42/evaluation.json,['data'],105657332,786432000,462776552128512000,5.565425953966506,6,512,512,27538420,5.081027210690081,4.390895181292787,4.881499263088099
dense_L6_d512_D3145728000_B512_s42,dense,new21b,first_seed_results/dense_L6_d512_D3145728000_B512_s42/evaluation.json,['data'],76558848,3145728000,1563505534697472000,4.74476078807885,6,512,512,25178624,4.3729978420306,3.5524844297575293,4.16971475427801
fourway_corrected_L6_d512_D3145728000_B512_s42,fourway_corrected,new21b,first_seed_results/fourway_corrected_L6_d512_D3145728000_B512_s42/evaluation.json,['data'],105657332,3145728000,1851106208514048000,4.411465218726625,6,512,512,27538420,4.1359843297395855,3.241943626775654,3.8026442333842008
dense_L6_d512_D6291456000_B512_s42,dense,new21b,first_seed_results/dense_L6_d512_D6291456000_B512_s42/evaluation.json,['data'],76558848,6291456000,3127011069394944000,4.373591235343446,6,512,512,25178624,4.090034916764125,3.196038009650117,3.76939051915584
fourway_corrected_L6_d512_D6291456000_B512_s42,fourway_corrected,new21b,first_seed_results/fourway_corrected_L6_d512_D6291456000_B512_s42/evaluation.json,['data'],105657332,6291456000,3702212417028096000,4.129326394263734,6,512,512,27538420,3.91632845136337,2.983998999956551,3.4886819745935322
dense_L6_d512_D1572864000_B256_s42,dense,new21b,first_seed_results/dense_L6_d512_D1572864000_B256_s42/evaluation.json,['batch'],76558848,1572864000,781752767348736000,4.9686142197737455,6,512,256,25178624,4.544796485453844,3.778562100655442,4.387797373903996
fourway_corrected_L8_d512_D1572864000_B512_s42,fourway_corrected,new21b,first_seed_results/fourway_corrected_L8_d512_D1572864000_B512_s42/evaluation.json,['depth'],114421483,1572864000,1124783081127936000,4.820183179902692,8,512,512,36302571,4.465675126062706,3.6408179298453374,4.169711667384828
dense_L6_d640_D1572864000_B512_s42,dense,new21b,first_seed_results/dense_L6_d640_D1572864000_B512_s42/evaluation.json,['width'],103562880,1572864000,1051407994060800000,5.102598596126475,6,640,512,39337600,4.622855472378433,3.9423822350458266,4.533005689319811
fourway_corrected_L6_d640_D1572864000_B512_s42,fourway_corrected,new21b,first_seed_results/fourway_corrected_L6_d640_D1572864000_B512_s42/evaluation.json,['width'],132743284,1572864000,1258698685022208000,4.644568311407211,6,640,512,41779316,4.324787326389924,3.450233192072002,3.952916655243869
dense_L6_d512_D786432000_B512_s42,dense,new21b,first_seed_results/dense_L6_d512_D786432000_B512_s42/evaluation.json,['data'],76558848,786432000,390876383674368000,6.1950966703130845,6,512,512,25178624,5.432302620261908,5.125674008776288,5.668638160924592
dense_L6_d512_D1572864000_B64_s42,dense,new21b,first_seed_results/dense_L6_d512_D1572864000_B64_s42/evaluation.json,['batch'],76558848,1572864000,781752767348736000,4.470347687707725,6,512,64,25178624,4.166325400350615,3.282194595271294,3.767393576471429
dense_L6_d512_D1572864000_B128_s42,dense,new21b,first_seed_results/dense_L6_d512_D1572864000_B128_s42/evaluation.json,['batch'],76558848,1572864000,781752767348736000,4.610180334841951,6,512,128,25178624,4.266582582844421,3.3917979587108715,3.9328921103591554
1b-baseline,dense,olmomix20b,completed_checkpoints/1b-baseline/evaluation.json,"['parameters', 'compute']",1279395840,20006830080,161619765033770680320,3.13557312928193,,,,1073874944,,1.8825155008550083,2.2519623725608207
1b-dagformer,fourway_corrected,olmomix20b,completed_checkpoints/1b-dagformer/evaluation.json,"['parameters', 'compute']",1316049239,20006830080,344318972083757383680,2.97998808377178,,,,1083789655,,1.7686236176058787,2.091051232871827
600m-baseline,dense,dolma600m_continuation,completed_checkpoints/600m-baseline/evaluation.json,"['parameters', 'compute']",682710528,12006195200,52346759037950361600,3.206834674726987,,,,528569856,,2.340125611889253,2.5466889262769783
600m-dagformer,fourway_corrected,dolma600m_continuation,completed_checkpoints/600m-dagformer/evaluation.json,"['parameters', 'compute']",717003240,12006195200,99408400938015129600,3.0686596048639174,,,,536123880,,2.2213283974096316,2.44249895200775
