title,year,venue_or_source,link,paper_type,insight_score,completeness_score,numeric_evidence_score,overall_label,relevance_note,quality_note
Causal Abstraction: A Theoretical Foundation for Mechanistic Interpretability,2025,JMLR,https://www.jmlr.org/papers/v26/23-0058.html,theory/proof,5,3,N/A theory,A,高层变量与神经干预对齐，界定何为计算解释,官方摘要与记录核验；完整性暂评，未审计证明
Finding Alignments Between Interpretable Causal Variables and Distributed Neural Representations,2024,CLeaR / PMLR 236,https://proceedings.mlr.press/v236/geiger24a.html,pure method,5,4,4,A,DAS 学习变量子空间；适用于消息内部的低秩对齐,方法与实验段阅读；包含随机网络控制，拟合成功不自动证明原生机制
CausalGym: Benchmarking causal interpretability methods on linguistic tasks,2024,ACL,https://aclanthology.org/2024.acl-long.785/,pure benchmark,4,4,N/A benchmark,A,语言最小对、因果探测及任意输入输出控制任务,范围：29语言任务与Pythia尺寸系列；真实性：受控语言现象；指标：干预log-odds与控制任务；基线：多种方向方法；可复现：公开协议；局限：不覆盖全部自然语义
RAVEL: Evaluating Interpretability Methods on Disentangling Language Model Representations,2024,ACL,https://aclanthology.org/2024.acl-long.470/,method + benchmark,4,4,4,A,Cause/Isolate 与 MDAS 用于交换一个属性并保留其余属性,实体属性任务及多种基线；属性解耦不能单独解释计算步骤
Uncovering Intermediate Variables in Transformers using Circuit Probing,2024,COLM,https://arxiv.org/abs/2311.04354,pure method,4,4,3,A,稀疏 mask 定位计算假设中间变量的组件,方法及算术/语言任务阅读；仍需变量假说与干预验证，未复现
Circuit Tracing: Revealing Computational Graphs in Language Models,2025,Transformer Circuits technical report,https://transformer-circuits.pub/2025/attribution-graphs/methods.html,pure method,5,4,4,B,特征归因图连接变量及下游效应,原作者技术报告；有替代模型误差；原始局部图冻结 attention pattern
Tracing Attention Computation Through Feature Interactions,2025,Transformer Circuits research update,https://transformer-circuits.pub/2025/attention-qk/index.html,pure method,4,3,3,A,QK 特征交互解释为什么选中某个位置,方法与案例阅读；特征字典需另建，归一化近似需有限干预核验
Causal Scrubbing: a method for rigorously testing interpretability hypotheses,2022,Redwood Research original methods post,https://www.lesswrong.com/posts/JvZhhzycHu2Yd57RN/causal-scrubbing-redwood-research,pure method,5,3,2,B,保留假说变量并重采样无关细节，检验完整解释,非同行评审方法文章；需预先给定解释，不是自动语义发现
Is This the Subspace You Are Looking for? An Interpretability Illusion for Subspace Activation Patching,2024,ICLR,https://openreview.net/forum?id=Ebt7JgMHv1,pure method,5,4,4,A,区分成功控制输出与揭示原生机制,构造和模型案例提供反例；不能据此否定所有子空间干预
How Much Do Circuits Tell Us? Measuring the Consistency and Specificity of Language Model Circuits,2026,arXiv preprint; v2 2026-09-02,https://arxiv.org/abs/2605.08348,pure method,4,3,3,B,区分回路稳定性与语义特异性,多任务模型分析；正式会议归属未核验，不外推其组件/神经元权衡
Activation Oracles: Training and Evaluating LLMs as General-Purpose Activation Explainers,2025,arXiv preprint; v2 2026-01-06,https://arxiv.org/abs/2512.15674,system/tool,4,4,3,B,自然语言激活解释，用于产生候选语义,作者明确区分黑箱问答和机制理解；未确认适配本项目的现成oracle
Faithful Bi-Directional Model Steering via Distribution Matching and Distributed Interchange Interventions,2026,ICLR,https://arxiv.org/abs/2602.05234,pure method,4,4,4,A,ConceptDAS 用完整反事实分布约束双向信息互换,方法和评估阅读，官方会议记录核验；并非所有设置都优于对照
Inference Time Causal Probing in LLMs,2026,arXiv preprint,https://arxiv.org/abs/2605.07631,pure method,3,3,3,B,HDMI 由输出 margin 梯度取得干预方向，可作梯度搜索对照,方法及主要设置阅读，未复现；操控效果不能直接支持原生计算解释
MIB: A Mechanistic Interpretability Benchmark,2025,ICML / PMLR 267,https://proceedings.mlr.press/v267/mueller25a.html,pure benchmark,4,4,N/A benchmark,A,将路径定位与因果变量定位分开评估,范围：四任务五模型；真实性：有限任务；指标：路径/变量分别评估；基线：多种定位和特征方法；可复现：公开协议；局限：不提供普遍语义真值
