model,split,arm,target_nll,target_nll_lo,target_nll_hi,correct_margin,correct_margin_lo,correct_margin_hi,recipient_vocab_accuracy,recipient_vocab_accuracy_lo,recipient_vocab_accuracy_hi,native_V_read_intervention_l2,native_V_read_intervention_l2_lo,native_V_read_intervention_l2_hi
dag,heldout,A_dynamic,0.6174358195321474,0.4115710042877481,0.9126955407070458,12.176940929144621,11.39842911856249,12.949275511968882,0.9375,0.8828125,0.9765625,0.0,0.0,0.0
dag,heldout,head_B_dynamic,0.2526908195686701,0.13142574938055987,0.44508104378073776,13.780758384615183,13.120332992170006,14.454055110365152,0.984375,0.953125,1.0,0.0,0.0,0.0
dag,heldout,head_AB_dynamic,0.8998605773904274,0.6680859386706288,1.2239120302992434,11.266663305461407,10.57005418781191,11.945210054237396,0.90625,0.84375,0.953125,0.0,0.0,0.0
dag,heldout,A_fixed,0.8166363016216565,0.6056129623790639,1.1272036554823446,11.41157341375947,10.669212150573731,12.147861162107437,0.890625,0.828125,0.9375,0.0,0.0,0.0
dag,heldout,head_AB_fixed,1.238711001293268,1.006254323981557,1.558681096514556,10.4947862457484,9.83820321126841,11.149117912957445,0.8359375,0.7578125,0.8984375,0.0,0.0,0.0
dag,heldout,early_AB_dynamic,0.9695837363615283,0.7245562494927071,1.3007533599675298,11.195112716406584,10.48513723425567,11.888997500482947,0.890625,0.828125,0.9453125,52.565109215676785,49.26641720943153,55.88774181045592
dag,heldout,early_B_fixed,0.28750636649056105,0.1582001353866417,0.48597129370941744,13.63755988702178,12.968625207990408,14.333204793930054,0.984375,0.953125,1.0,47.77317912131548,44.59312429670244,50.93144217822701
dag,heldout,early_AB_fixed,1.347740226854512,1.1013125156781824,1.6737516248669635,10.358677862212062,9.703957731602713,11.018855067202821,0.796875,0.7265625,0.859375,47.77317410707474,44.59311010520905,50.931431111320855
dag,heldout,recent_B,0.17517368181916027,0.06975862222614068,0.35594548393565906,14.56216049194336,13.817860317230224,15.31701593399048,0.984375,0.953125,1.0,1.7847832292318344,1.6806914567481726,1.891930175840389
dag,heldout,recent_AB,0.8166957090425058,0.6059352027292108,1.1280842164856495,11.411963447928429,10.671516165230424,12.14971357434988,0.890625,0.828125,0.9375,1.7720470135100186,1.6652380152139812,1.879549280903302
dag,heldout,clean,0.17561632852084585,0.07009884607034564,0.35643826944176454,14.562189102172852,13.815298080444336,15.318447399139405,0.984375,0.953125,1.0,0.0,0.0,0.0
dag,transfer,A_dynamic,1.2528004468458676,0.8036055416311683,1.781201062532864,11.06191611289978,10.208603958133608,11.872508304053918,0.828125,0.7421875,0.90625,0.0,0.0,0.0
dag,transfer,head_B_dynamic,0.61025919326039,0.22786447842481722,1.082781340953102,13.13701594620943,12.360772980749607,13.863854536227882,0.9296875,0.8669921875000001,0.984375,0.0,0.0,0.0
dag,transfer,head_AB_dynamic,1.6555790866004827,1.172614595257255,2.2214303001253937,10.04602850228548,9.289550221897661,10.77370374519378,0.8046875,0.7265625,0.875,0.0,0.0,0.0
dag,transfer,A_fixed,1.5209613200695458,1.070962355737447,2.0322030853172692,10.367265665903687,9.541249795909971,11.140811306517572,0.7734375,0.6875,0.859375,0.0,0.0,0.0
dag,transfer,head_AB_fixed,2.08178032986325,1.5989624413994534,2.636651412164247,9.315220823511481,8.591985005326569,10.007392103644088,0.65625,0.5625,0.75,0.0,0.0,0.0
dag,transfer,early_AB_dynamic,1.741108224799973,1.2386092834873126,2.3211522175563006,9.93498420715332,9.168020878918469,10.67568054581061,0.78125,0.6953125,0.859375,56.8119722828269,53.32568529732525,60.34994854368269
dag,transfer,early_B_fixed,0.6460767074513569,0.2504579203945013,1.13166755718853,12.972513429820538,12.18595395628363,13.7052894230932,0.9296875,0.8669921875000001,0.984375,51.087775848805904,47.86435281839222,54.40577862337231
dag,transfer,early_AB_fixed,2.181669605342904,1.6774942519230536,2.7497319602160135,9.18733786046505,8.459592000674457,9.873057575058192,0.640625,0.546875,0.734375,51.08776958286762,47.86436326391995,54.40578691698611
dag,transfer,recent_B,0.5040075592914945,0.1594486764491194,0.9345928324379658,13.986374262720346,13.118285793811083,14.770864033885301,0.9375,0.875,0.984375,1.8406063383445144,1.7176823857356793,1.962306477315724
dag,transfer,recent_AB,1.5207867929548229,1.0714628030940276,2.0322641967849906,10.363348957151175,9.53937057526782,11.134145433874801,0.7734375,0.6875,0.859375,1.8123603025451303,1.6925407036789692,1.9299612440168858
dag,transfer,clean,0.5043655708414008,0.15936960854592144,0.935577700972931,13.984190702438354,13.11512800231576,14.770810582581907,0.9375,0.875,0.984375,0.0,0.0,0.0
dag,unchanged_query,A_dynamic,0.3145835086106672,0.21908423410905015,0.42215139708268906,12.578263506293297,11.938628940843046,13.230363071430475,0.984375,0.953125,1.0,0.0,0.0,0.0
dag,unchanged_query,head_B_dynamic,0.11125823545853564,0.07427581167312383,0.15888400020552354,13.820934295654297,13.23390245437622,14.40653567314148,1.0,1.0,1.0,0.0,0.0,0.0
dag,unchanged_query,head_AB_dynamic,0.5113179757245234,0.3886346419138135,0.6432862278234097,11.64513897523284,11.06438503358513,12.242397667374462,0.9765625,0.9375,1.0,0.0,0.0,0.0
dag,unchanged_query,A_fixed,0.4374298889670172,0.3158859298410789,0.5716564088297673,12.051430229097605,11.438044493272901,12.689507015235723,0.984375,0.953125,1.0,0.0,0.0,0.0
dag,unchanged_query,head_AB_fixed,0.7283951554454688,0.5605972104362081,0.9012519756887742,11.144625179469585,10.551176286488772,11.76746383998543,0.9453125,0.8828125,0.9921875,0.0,0.0,0.0
dag,unchanged_query,early_AB_dynamic,0.3148609227500856,0.21937793578335912,0.4211637097016138,12.580533262342215,11.939887923002242,13.231743240356446,0.984375,0.953125,1.0,52.56622625142336,49.2792583020404,55.89184440039098
dag,unchanged_query,early_B_fixed,0.06426994685125464,0.036891546016533994,0.10563998727499212,14.586142539978027,13.964099049568176,15.219478416442872,1.0,1.0,1.0,47.76950665563345,44.582002623938024,50.92701404169202
dag,unchanged_query,early_AB_fixed,0.4361680298643478,0.314934614285994,0.5707555333116033,12.058959985151887,11.447301233559847,12.697248195391149,0.984375,0.953125,1.0,47.76949315518141,44.581986928544936,50.92701408304274
dag,unchanged_query,recent_B,0.06482366094496683,0.036844957432458615,0.10746682186177169,14.586050033569336,13.962720489501953,15.219235038757324,1.0,1.0,1.0,1.7853894238360226,1.6813541613868437,1.8937826126813888
dag,unchanged_query,recent_AB,0.43727742040209705,0.3155319772855364,0.5721738824537169,12.05350591801107,11.440616877702997,12.691392429545521,0.984375,0.953125,1.0,1.7716566524468362,1.6646949529182167,1.8804882567957975
dag,unchanged_query,clean,0.06505434103200969,0.03676594246346667,0.10827884132536385,14.584283828735352,13.962835121154786,15.216360664367675,1.0,1.0,1.0,0.0,0.0,0.0
dense,heldout,A_dynamic,0.817691253774683,0.5941514675210783,1.0867366486969332,11.828353893011808,11.097679236717521,12.535825072973967,0.9296875,0.8828125,0.96875,0.0,0.0,0.0
dense,heldout,head_B_dynamic,0.3928648305864044,0.22248539559936945,0.6193991007846762,13.530169485136867,12.830026408238336,14.21677315235138,0.9765625,0.9453125,1.0,0.0,0.0,0.0
dense,heldout,head_AB_dynamic,1.0448099598215776,0.7937855237911208,1.3367056074481298,11.193810448050499,10.458356692362576,11.904113285057246,0.8984375,0.84375,0.9453125,0.0,0.0,0.0
dense,heldout,clean,0.35148233102336235,0.18931661187671125,0.5697110826123207,13.881004333496094,13.188800811767578,14.549851417541504,0.984375,0.9609375,1.0,0.0,0.0,0.0
dense,transfer,A_dynamic,1.0095879421314748,0.7509325887806881,1.29566672847277,11.663174651563168,11.110854385793209,12.214091521780938,0.8515625,0.78125,0.921875,0.0,0.0,0.0
dense,transfer,head_B_dynamic,0.43575016374779807,0.2702288661449529,0.6464919286730493,13.430816650390625,12.862887588143348,13.967938254401087,0.96875,0.9296875,1.0,0.0,0.0,0.0
dense,transfer,head_AB_dynamic,1.2209172201655747,0.9324507997429464,1.5384784927273358,11.145923614501953,10.565707408823073,11.713016055896878,0.8359375,0.7578125,0.9140625,0.0,0.0,0.0
dense,transfer,clean,0.40172181471461954,0.24637307914017584,0.6019866896291205,13.657962325960398,13.096189215499908,14.195499041397124,0.96875,0.9296875,1.0,0.0,0.0,0.0
dense,unchanged_query,A_dynamic,0.5417363318993011,0.38749551674009125,0.7205325152601291,12.060266483575106,11.49029424758628,12.630733765196055,0.9609375,0.90625,1.0,0.0,0.0,0.0
dense,unchanged_query,head_B_dynamic,0.1643445256340783,0.11466294075598853,0.2247609275220384,13.634845733642578,13.096052932739259,14.168399143218995,0.984375,0.953125,1.0,0.0,0.0,0.0
dense,unchanged_query,head_AB_dynamic,0.7463075029227184,0.5409179808575573,0.9919110017734056,11.418783187866211,10.828023910615594,12.013575517013669,0.921875,0.84375,0.984375,0.0,0.0,0.0
dense,unchanged_query,clean,0.13249520917088375,0.09189129020060136,0.18098983290410617,14.018625259399414,13.481151485443116,14.558096313476563,0.984375,0.953125,1.0,0.0,0.0,0.0
