step,train/nll,train/sparsity_loss,train/total_loss,train/lr,train/predictor_lr,train/tokens_per_sec,train/tokens_seen_B,grad/base_norm,grad/predictor_norm,schedule/tau,schedule/lambda,train/use_dagformer,eval/nll_soft,eval/nll_hard,eval/nll_baseline
0,11.703125,0.0,11.703125,0.0,0.0,31651.044456178126,0.000524288,0.9976771659515238,0.0555949070273761,5.0,0.0,1.0,,,
10,11.66796875,0.0,11.66796875,1e-05,2e-06,33359.99748132131,0.005767168,1.001231755030197,0.051096920872500715,4.9999526260547285,0.0001,1.0,,,
20,11.583984375,0.0,11.583984375,2e-05,4e-06,33191.860767177626,0.011010048,0.9979406048918751,0.06259114245412215,4.999810506089159,0.0002,1.0,,,
30,10.83984375,0.0,10.83984375,2.9999999999999997e-05,6e-06,33177.2708851465,0.016252928,0.9428376083840306,0.33052668574606825,4.999573645713942,0.0003,1.0,,,
40,9.673828125,0.0,9.673828125,4e-05,8e-06,33026.89901634686,0.021495808,0.9113331328423236,0.4047154047658643,4.99924205427992,0.0004,1.0,,,
50,9.26171875,0.0,9.26171875,5e-05,1e-05,32984.516498110155,0.026738688,0.9569388646449567,0.2749788107558541,4.9988157448777555,0.0005,1.0,,,
60,9.427734375,0.0,9.427734375,5.9999999999999995e-05,1.2e-05,33022.0920576754,0.031981568,0.9938738934834896,0.13181410651815714,4.9982947343374144,0.0006,1.0,,,
70,8.85546875,0.0,8.85546875,7.000000000000001e-05,1.4e-05,33002.90411919939,0.037224448,0.9911611375396715,0.131628428474836,4.9976790432275,0.0007000000000000001,1.0,,,
80,8.25,0.0,8.25,8e-05,1.6e-05,33025.15860095893,0.042467328,0.9563622404341603,0.2993271608207704,4.996968695854442,0.0008,1.0,,,
90,7.8095703125,0.0,7.8095703125,8.999999999999999e-05,1.8e-05,33037.91719691503,0.047710208,0.935364170852157,0.3549918737244067,4.99616372026154,0.0009,1.0,,,
100,7.396484375,0.0,7.396484375,0.0001,2e-05,33047.72135529041,0.052953088,0.8990286402870941,0.445588817895887,4.995264148227852,0.001,1.0,,,
110,7.490234375,0.0,7.490234375,0.00011,2.2000000000000003e-05,33063.094542058534,0.058195968,0.851066928504259,0.2817422743620996,4.99427001526694,0.0011,1.0,,,
120,7.4755859375,0.0,7.4755859375,0.00011999999999999999,2.4e-05,33019.91466530467,0.063438848,0.8290530932110914,0.31847859684530533,4.993181360625473,0.0012,1.0,,,
130,6.73046875,0.0,6.73046875,0.00013000000000000002,2.6000000000000002e-05,33033.08203649781,0.068681728,0.9352551847131272,0.359532525378581,4.991998227281671,0.0013,1.0,,,
140,6.8154296875,0.0,6.8154296875,0.00014000000000000001,2.8e-05,33045.38134402065,0.073924608,0.9692712612169014,0.24245132048286022,4.990720661943614,0.0014000000000000002,1.0,,,
150,6.568359375,0.0,6.568359375,0.00015,3e-05,33047.487493284105,0.079167488,0.8262701132551543,0.5675461029265174,4.989348715047392,0.0015,1.0,,,
160,6.3203125,0.0,6.3203125,0.00016,3.2e-05,33038.75889588244,0.084410368,0.8950276527697469,0.3527472617764098,4.98788244075512,0.0016,1.0,,,
170,6.125,0.0,6.125,0.00017,3.4e-05,33040.29702673576,0.089653248,0.7428346079406265,0.6697658199457976,4.986321896952798,0.0017,1.0,,,
180,7.5830078125,0.0,7.5830078125,0.00017999999999999998,3.6e-05,33035.42165675166,0.094896128,0.6525234873985644,0.7577032664949124,4.98466714524802,0.0018,1.0,,,
190,6.681640625,0.0,6.681640625,0.00019,3.8e-05,33033.4107371586,0.100139008,0.7890363045501955,0.6160952157923715,4.982918250967552,0.0019000000000000002,1.0,,,
200,6.2509765625,0.0,6.2509765625,0.0002,4e-05,33042.42557947018,0.105381888,0.9140864470272004,0.4092429341404429,4.981075283154747,0.002,1.0,,,
210,6.1845703125,0.0,6.1845703125,0.00020999999999999998,4.2000000000000004e-05,33039.08834634472,0.110624768,0.9281493246518833,0.15863846558592276,4.979138314566816,0.0021000000000000003,1.0,,,
220,6.326171875,0.0,6.326171875,0.00022,4.4000000000000006e-05,33043.90944696825,0.115867648,0.8862718825847964,0.3259419602961682,4.977107421671962,0.0022,1.0,,,
230,6.0244140625,0.0,6.0244140625,0.00023,4.6e-05,33042.790138578624,0.121110528,0.6074920265008883,0.7962712985888871,4.974982684646362,0.0023000000000000004,1.0,,,
240,6.173828125,0.0,6.173828125,0.00023999999999999998,4.8e-05,33050.791382579286,0.126353408,0.9739139047859656,0.2296859534299507,4.972764187370993,0.0024,1.0,,,
250,5.8759765625,0.0,5.8759765625,0.00025,5e-05,33056.934705992,0.131596288,0.9800014202621522,0.20755256470937147,4.970452017428331,0.0025,1.0,,,
260,6.06640625,0.0,6.06640625,0.00026000000000000003,5.2000000000000004e-05,33058.87951976968,0.136839168,0.9347889953649767,0.35091472746871255,4.968046266098883,0.0026,1.0,,,
270,6.2470703125,0.0,6.2470703125,0.00027,5.4e-05,33063.08824321606,0.142082048,0.8489599331023701,0.5339561055324654,4.965547028357595,0.0027,1.0,,,
280,5.9599609375,0.0,5.9599609375,0.00028000000000000003,5.6e-05,33067.352091965164,0.147324928,0.5785432187178302,0.8166389399393033,4.962954402870093,0.0028000000000000004,1.0,,,
290,5.6923828125,0.0,5.6923828125,0.00029,5.8e-05,33072.36428647859,0.152567808,0.28133887955454084,0.959684390752918,4.960268491988791,0.0029,1.0,,,
300,5.7666015625,0.0,5.7666015625,0.0003,6e-05,33073.59567379712,0.157810688,0.7244928247068553,0.6882828715088243,4.9574894017488536,0.003,1.0,,,
310,5.791015625,0.0,5.791015625,0.00031,6.2e-05,33074.18388021027,0.163053568,0.4000169818153615,0.9160366190408131,4.9546172418640015,0.0031,1.0,,,
320,5.578125,0.0,5.578125,0.00032,6.4e-05,33078.48790384784,0.168296448,0.7772313412061623,0.3039434428127746,4.951652125722193,0.0032,1.0,,,
330,5.9521484375,0.0,5.9521484375,0.00033,6.6e-05,33070.78123837357,0.173539328,0.9378915335257939,0.3454692900287502,4.948594170381133,0.0033000000000000004,1.0,,,
340,5.869140625,0.0,5.869140625,0.00034,6.8e-05,33076.344356730806,0.178782208,0.9458164615034743,0.3318189201977793,4.945443496563664,0.0034,1.0,,,
350,5.5498046875,0.0,5.5498046875,0.00035000000000000005,7.000000000000001e-05,33077.99675974851,0.184025088,0.6838195738441549,0.7268472469220785,4.942200228652994,0.0035,1.0,,,
360,6.208984375,0.0,6.208984375,0.00035999999999999997,7.2e-05,33082.888186568794,0.189267968,0.9234325729913414,0.3849595591605828,4.9388644946877855,0.0036,1.0,,,
370,5.7578125,0.0,5.7578125,0.00037,7.400000000000001e-05,33081.451931782016,0.194510848,0.9760048117051059,0.20985934163576073,4.935436426357104,0.0037,1.0,,,
380,5.5322265625,0.0,5.5322265625,0.00038,7.6e-05,33084.9471381275,0.199753728,0.44229745735090154,0.8962014677010218,4.931916158995217,0.0038000000000000004,1.0,,,
390,5.94140625,0.0,5.94140625,0.00039,7.8e-05,33087.25773349547,0.204996608,0.8787534132560666,0.48314380559484127,4.928303831576254,0.0039,1.0,,,
400,5.4228515625,0.0,5.4228515625,0.0004,8e-05,33086.40650526371,0.210239488,0.6836263387173226,0.414952302096829,4.924599586708714,0.004,1.0,,,
410,5.392578125,0.0,5.392578125,0.00041000000000000005,8.2e-05,33090.51676464097,0.215482368,0.5181994393694819,0.8542198246659092,4.920803570629844,0.0040999999999999995,1.0,,,
420,5.3125,0.0,5.3125,0.00041999999999999996,8.400000000000001e-05,33092.022729657765,0.220725248,0.9174232985726823,0.4004303934656292,4.916915933199857,0.004200000000000001,1.0,,,
430,5.658203125,0.0,5.658203125,0.00043,8.6e-05,33096.22397065233,0.225968128,0.5082329858534683,0.8605250286092366,4.912936827896024,0.0043,1.0,,,
440,5.607421875,0.0,5.607421875,0.00044,8.800000000000001e-05,33095.219758824845,0.231211008,0.6615903296864559,0.369747600891708,4.908866411806606,0.0044,1.0,,,
450,5.404296875,0.0,5.404296875,0.00045,9e-05,33099.04980997077,0.236453888,0.6453565818051739,0.7634061439595613,4.904704845624663,0.0045,1.0,,,
460,5.1982421875,0.0,5.1982421875,0.00046,9.2e-05,33101.80220091808,0.241696768,0.4857345993994681,0.8742126509523114,4.900452293641702,0.004600000000000001,1.0,,,
470,5.4140625,0.0,5.4140625,0.00047000000000000004,9.4e-05,33102.257837819925,0.246939648,0.8289673259572868,0.4637449886693509,4.896108923741194,0.0047,1.0,,,
480,5.2041015625,0.0,5.2041015625,0.00047999999999999996,9.6e-05,33102.63238752857,0.252182528,0.675707825209424,0.6214556511292205,4.891674907391943,0.0048,1.0,,,
490,5.0390625,0.0,5.0390625,0.00049,9.800000000000001e-05,33101.581061301615,0.257425408,0.8419083259136655,0.5379771501802464,4.887150419641325,0.004900000000000001,1.0,,,
500,5.146484375,0.0,5.146484375,0.0005,0.0001,33103.65145854803,0.262668288,0.5902321085077047,0.8070792405746202,4.882535639108369,0.005,1.0,,,
510,5.2421875,0.0,5.2421875,0.0004988888888888889,9.977777777777779e-05,33103.22920087126,0.267911168,0.6131993137928675,0.5887852592752522,4.877830747976707,0.0051,1.0,,,
520,5.369140625,0.0,5.369140625,0.0004977777777777778,9.955555555555556e-05,33103.90834036633,0.273154048,0.7642850837435534,0.6199877336449728,4.873035931987387,0.0052,1.0,,,
530,5.455078125,0.0,5.455078125,0.0004966666666666666,9.933333333333334e-05,33107.059086646324,0.278396928,0.4283574162951313,0.9039429491747951,4.868151380431532,0.0053,1.0,,,
540,5.0576171875,0.0,5.0576171875,0.0004955555555555556,9.911111111111112e-05,33107.50871791563,0.283639808,0.2589356345718172,0.9660286448676731,4.863177286142875,0.0054,1.0,,,
550,5.2724609375,0.0,5.2724609375,0.0004944444444444445,9.888888888888889e-05,33107.37895002048,0.288882688,0.7399334266868771,0.4824421994017969,4.858113845490141,0.0055,1.0,,,
560,5.2587890625,0.0,5.2587890625,0.0004933333333333334,9.866666666666668e-05,33109.26546114115,0.294125568,0.632283922721122,0.35958396439279156,4.852961258369298,0.005600000000000001,1.0,,,
570,6.232421875,0.0,6.232421875,0.0004922222222222222,9.844444444444444e-05,33108.09410287079,0.299368448,0.7785864702956569,0.6237702329250843,4.847719728195662,0.0057,1.0,,,
580,5.4912109375,0.0,5.4912109375,0.0004911111111111111,9.822222222222223e-05,33108.52521693891,0.304611328,0.2894916492702108,0.9573174669230424,4.842389461895869,0.0058,1.0,,,
590,5.345703125,0.0,5.345703125,0.00049,9.8e-05,33109.06452175324,0.309854208,0.8140118768382593,0.5824872498797661,4.836970669899706,0.005900000000000001,1.0,,,
600,5.046875,0.0,5.046875,0.0004888888888888889,9.777777777777778e-05,33108.88636193715,0.315097088,0.28571330527250766,0.9584831704311557,4.831463566131803,0.006,1.0,,,
610,5.2802734375,0.0,5.2802734375,0.0004877777777777778,9.755555555555555e-05,33107.080736351854,0.320339968,0.43626614799582536,0.9001444451846684,4.825868368003187,0.0061,1.0,,,
620,4.8095703125,0.0,4.8095703125,0.0004866666666666667,9.733333333333335e-05,33108.414523865504,0.325582848,0.6730677575762962,0.741007677984127,4.820185296402699,0.0062,1.0,,,
630,4.6416015625,0.0,4.6416015625,0.0004855555555555556,9.711111111111111e-05,33101.94952614933,0.330825728,0.44654970935107646,0.4998056828468797,4.814414575688276,0.0063,1.0,,,
640,5.7138671875,0.0,5.7138671875,0.00048444444444444446,9.68888888888889e-05,33101.77107594607,0.336068608,0.5074028551149828,0.8617481435294919,4.808556433678089,0.0064,1.0,,,
650,5.7626953125,0.0,5.7626953125,0.00048333333333333334,9.666666666666667e-05,33101.08005328546,0.341311488,0.7108897994488831,0.7043537762581776,4.8026111016415545,0.0065,1.0,,,
660,4.88671875,0.0,4.88671875,0.0004822222222222222,9.644444444444445e-05,33102.09467368578,0.346554368,0.7569484511023451,0.4975110342604378,4.796578814290202,0.006600000000000001,1.0,,,
670,5.609375,0.0,5.609375,0.0004811111111111111,9.622222222222222e-05,33096.45453254323,0.351797248,0.7844980376289001,0.6193914033756278,4.790459809768407,0.0067,1.0,,,
680,5.21875,0.0,5.21875,0.00048,9.6e-05,33098.2480487416,0.357040128,0.39574642534046905,0.9177830325634265,4.784254329643989,0.0068,1.0,,,
690,5.62890625,0.0,5.62890625,0.0004788888888888889,9.577777777777777e-05,33101.00179948208,0.362283008,0.6943075169668319,0.4480791106163479,4.77796261889868,0.006900000000000001,1.0,,,
700,5.1875,0.0,5.1875,0.0004777777777777778,9.555555555555557e-05,33101.631835300104,0.367525888,0.6992564695031763,0.7137674314290896,4.771584925918447,0.007,1.0,,,
710,4.861328125,0.0,4.861328125,0.0004766666666666667,9.533333333333334e-05,33103.01467640896,0.372768768,0.5649104745529093,0.31895386742991466,4.765121502483686,0.0071,1.0,,,
720,4.6552734375,0.0,4.6552734375,0.00047555555555555556,9.511111111111112e-05,33104.4128569532,0.378011648,0.5422695013654857,0.8393241891223909,4.758572603759291,0.0072,1.0,,,
730,5.5234375,0.0,5.5234375,0.00047444444444444444,9.488888888888889e-05,33103.1678310983,0.383254528,0.6235562358907966,0.5614887414260096,4.7519384882845666,0.0073,1.0,,,
740,4.634765625,0.0,4.634765625,0.00047333333333333336,9.466666666666667e-05,33099.468235791486,0.388497408,0.5462604597608046,0.8375575561324882,4.745219417963033,0.0074,1.0,,,
750,5.1865234375,0.0,5.1865234375,0.00047222222222222224,9.444444444444444e-05,33100.384492310404,0.393740288,0.4957795072296101,0.8690027245145839,4.738415658052083,0.0075,1.0,,,
760,5.0576171875,0.0,5.0576171875,0.0004711111111111111,9.422222222222223e-05,33100.71546391942,0.398983168,0.5706058845517944,0.37559621458372183,4.731527477152507,0.007600000000000001,1.0,,,
770,4.869140625,0.0,4.869140625,0.00047,9.4e-05,33103.002232540195,0.404226048,0.4047584565553952,0.3834280779313065,4.724555147197893,0.0077,1.0,,,
780,4.9755859375,0.0,4.9755859375,0.0004688888888888889,9.377777777777779e-05,33102.604163775344,0.409468928,0.4764145413109631,0.612118435745221,4.717498943443888,0.0078,1.0,,,
790,4.953125,0.0,4.953125,0.0004677777777777778,9.355555555555556e-05,33104.47444986122,0.414711808,0.5449213738781249,0.8380640101741889,4.7103591444573345,0.0079,1.0,,,
800,5.08203125,0.0,5.08203125,0.00046666666666666666,9.333333333333334e-05,33105.056992139325,0.419954688,0.6624933760733445,0.35201615889036186,4.703136032105272,0.008,1.0,,,
810,4.75390625,0.0,4.75390625,0.0004655555555555556,9.311111111111111e-05,33105.506085662724,0.425197568,0.5923244178162579,0.6362134905419036,4.695829891543808,0.0081,1.0,,,
820,5.0517578125,0.0,5.0517578125,0.00046444444444444446,9.28888888888889e-05,33106.56552723721,0.430440448,0.677334139858449,0.43814882197635485,4.688441011206861,0.008199999999999999,1.0,,,
830,4.8076171875,0.0,4.8076171875,0.00046333333333333334,9.266666666666666e-05,33107.56852947857,0.435683328,0.6438742496555896,0.2673608570156295,4.680969682794776,0.0083,1.0,,,
840,4.7646484375,0.0,4.7646484375,0.0004622222222222222,9.244444444444445e-05,33106.954238047976,0.440926208,0.6778549199020167,0.45312577858966685,4.673416201262804,0.008400000000000001,1.0,,,
850,4.5322265625,0.0,4.5322265625,0.00046111111111111114,9.222222222222223e-05,33106.53026160683,0.446169088,0.5810635633652227,0.810961977604622,4.665780864809465,0.0085,1.0,,,
860,5.001953125,0.0,5.001953125,0.00046,9.200000000000001e-05,33106.79029223253,0.451411968,0.6675041808943527,0.7415936793407554,4.658063974864765,0.0086,1.0,,,
870,4.3642578125,0.0,4.3642578125,0.0004588888888888889,9.177777777777778e-05,33108.61298952326,0.456654848,0.6694851267531817,0.7411039715661112,4.650265836078308,0.008700000000000001,1.0,,,
880,4.6611328125,0.0,4.6611328125,0.0004577777777777778,9.155555555555557e-05,33108.729949333574,0.461897728,0.41906834719388175,0.6759763680623545,4.6423867563072605,0.0088,1.0,,,
890,5.20703125,0.0,5.20703125,0.0004566666666666667,9.133333333333334e-05,33109.77323683896,0.467140608,0.4100560959062362,0.29868383640918367,4.6344270466042,0.0089,1.0,,,
900,4.826171875,0.0,4.826171875,0.00045555555555555556,9.111111111111112e-05,33108.93510600211,0.472383488,0.46061898239416205,0.29788962864672075,4.626387021204836,0.009,1.0,,,
910,4.53515625,0.0,4.53515625,0.00045444444444444444,9.088888888888889e-05,33110.24456833533,0.477626368,0.5844950757560878,0.8119725928805711,4.618266997515606,0.0091,1.0,,,
920,4.7548828125,0.0,4.7548828125,0.0004533333333333333,9.066666666666667e-05,33110.24659149906,0.482869248,0.5255941386862792,0.7747395401469678,4.610067296101141,0.009200000000000002,1.0,,,
930,4.56591796875,0.0,4.56591796875,0.0004522222222222222,9.044444444444444e-05,33110.459062724454,0.488112128,0.40093749969531306,0.40834195934301754,4.601788240671611,0.009300000000000001,1.0,,,
940,4.6884765625,0.0,4.6884765625,0.0004511111111111111,9.022222222222224e-05,33112.05156408192,0.493355008,0.34967266732765145,0.28297975514709867,4.593430158069951,0.0094,1.0,,,
950,4.509765625,0.0,4.509765625,0.00045000000000000004,9e-05,33112.19652682837,0.498597888,0.3939930733781609,0.2960798438244128,4.5849933782589485,0.0095,1.0,,,
960,4.67578125,0.0,4.67578125,0.0004488888888888889,8.977777777777779e-05,33112.646387278306,0.503840768,0.46245138329428187,0.31063061358305516,4.576478234308226,0.0096,1.0,,,
970,4.36669921875,0.0,4.36669921875,0.0004477777777777778,8.955555555555556e-05,33106.59605576222,0.509083648,0.40496884740695127,0.9139268549586091,4.567885062381086,0.0097,1.0,,,
980,4.5810546875,0.0,4.5810546875,0.00044666666666666666,8.933333333333334e-05,33108.0476095573,0.514326528,0.3871997648410201,0.47717145453885684,4.559214201721241,0.009800000000000001,1.0,,,
990,4.47265625,0.0,4.47265625,0.00044555555555555554,8.911111111111111e-05,33107.987783900906,0.519569408,0.6881788500150637,0.4117210265879667,4.550465994639425,0.0099,1.0,,,
1000,4.349609375,0.0,4.349609375,0.0004444444444444444,8.888888888888889e-05,33107.59487870347,0.524812288,0.5415153854776956,0.7049550943893842,4.541640786499874,0.01,1.0,,,
1000,,,,,,,,,,,,,6.6923076923076925,6.6923076923076925,7.045673076923077
1010,4.16162109375,0.0,4.16162109375,0.00044333333333333334,8.866666666666668e-05,33094.28834060031,0.530055168,0.41438768937698406,0.6923041908105586,4.532738925706693,0.01,1.0,,,
1020,4.4541015625,0.0,4.4541015625,0.00044222222222222227,8.844444444444445e-05,33093.93231536517,0.535298048,0.5000511849060744,0.4222234256138841,4.523760763690104,0.01,1.0,,,
1030,4.23388671875,0.0,4.23388671875,0.00044111111111111114,8.822222222222223e-05,33095.08828778416,0.540540928,0.41998165702757606,0.7105012351981561,4.514706654892571,0.01,1.0,,,
1040,4.8701171875,0.0,4.8701171875,0.00044,8.800000000000001e-05,33096.20078225808,0.545783808,0.5059703974673839,0.5936730824023739,4.505576956754805,0.01,1.0,,,
1050,4.3193359375,0.0,4.3193359375,0.0004388888888888889,8.777777777777778e-05,33097.13879319447,0.551026688,0.3828412183070863,0.5926526540026639,4.496372029701656,0.01,1.0,,,
1060,4.5224609375,0.0,4.5224609375,0.00043777777777777776,8.755555555555556e-05,33098.988314700626,0.556269568,0.2967147734762846,0.9549545481984459,4.487092237127885,0.01,1.0,,,
1070,4.49609375,0.0,4.49609375,0.00043666666666666664,8.733333333333333e-05,33098.86898661387,0.561512448,0.40370305343436,0.28642347772130194,4.4777379453838115,0.01,1.0,,,
1080,4.9921875,0.0,4.9921875,0.0004355555555555556,8.711111111111112e-05,33099.77004526287,0.566755328,0.42504584005936263,0.6017548125345286,4.4683095237608565,0.01,1.0,,,
1090,4.05029296875,0.0,4.05029296875,0.00043444444444444444,8.688888888888889e-05,33099.52626896452,0.571998208,0.3519528420781458,0.5218352827002263,4.458807344476961,0.01,1.0,,,
1100,4.24755859375,0.0,4.24755859375,0.00043333333333333337,8.666666666666667e-05,33097.64870124523,0.577241088,0.37061036853451407,0.4122253362829589,4.449231782661895,0.01,1.0,,,
1110,4.30419921875,0.0,4.30419921875,0.00043222222222222224,8.644444444444445e-05,33099.835330699454,0.582483968,0.33603352498006833,0.244487127760676,4.43958321634244,0.01,1.0,,,
1120,4.3076171875,0.0,4.3076171875,0.0004311111111111111,8.622222222222222e-05,33101.24794653897,0.587726848,0.4027166565937283,0.28382337692989146,4.429862026427475,0.01,1.0,,,
1130,4.3310546875,0.0,4.3310546875,0.00043,8.6e-05,33102.07374106746,0.592969728,0.35753096600780626,0.25875393506635797,4.420068596692933,0.01,1.0,,,
1140,4.2841796875,0.0,4.2841796875,0.00042888888888888886,8.577777777777777e-05,33101.41318008149,0.598212608,0.36612025300409723,0.29408648369624474,4.410203313766649,0.01,1.0,,,
1150,4.03564453125,0.0,4.03564453125,0.00042777777777777785,8.555555555555557e-05,33100.74912773861,0.603455488,0.5174815204300887,0.8547956038887361,4.400266567113103,0.01,1.0,,,
1160,4.3251953125,0.0,4.3251953125,0.00042666666666666667,8.533333333333334e-05,33102.413427439795,0.608698368,0.3519781729335747,0.5356167740203678,4.390258749018037,0.01,1.0,,,
1170,4.7119140625,0.0,4.7119140625,0.0004255555555555556,8.511111111111112e-05,33103.40576594878,0.613941248,0.33403305205407047,0.47270772538496136,4.380180254572974,0.01,1.0,,,
1180,4.396484375,0.0,4.396484375,0.00042444444444444447,8.488888888888889e-05,33096.89062777854,0.619184128,0.556668648359467,0.7262923539416397,4.370031481659617,0.01,1.0,,,
1190,4.767578125,0.0,4.767578125,0.00042333333333333334,8.466666666666667e-05,33098.04335649136,0.624427008,0.28480137923993987,0.9583737817159026,4.359812830934144,0.01,1.0,,,
1200,4.6982421875,0.0,4.6982421875,0.0004222222222222222,8.444444444444444e-05,33099.039394774816,0.629669888,0.37558759929427715,0.9273053806119971,4.349524705811388,0.01,1.0,,,
1210,4.5576171875,0.0,4.5576171875,0.0004211111111111111,8.422222222222223e-05,33099.84308438844,0.634912768,0.4417295523537917,0.897352240565483,4.339167512448912,0.01,1.0,,,
1220,4.5615234375,0.0,4.5615234375,0.00042,8.4e-05,33100.349550136634,0.640155648,0.3138902529902594,0.9491052543070206,4.3287416597309765,0.01,1.0,,,
1230,4.7958984375,0.0,4.7958984375,0.0004188888888888889,8.377777777777778e-05,33100.74420944718,0.645398528,0.26277489953198013,0.9650252638007949,4.318247559252395,0.01,1.0,,,
1240,3.984375,0.0,3.984375,0.0004177777777777778,8.355555555555556e-05,33102.297562778906,0.650641408,0.4175575822708981,0.2953693410820425,4.307685625302286,0.01,1.0,,,
1250,4.66796875,0.0,4.66796875,0.0004166666666666667,8.333333333333334e-05,33101.787241103564,0.655884288,0.552875378211583,0.8325242784107713,4.297056274847714,0.01,1.0,,,
1260,4.6484375,0.0,4.6484375,0.00041555555555555557,8.311111111111111e-05,33101.66809694143,0.661127168,0.4122922377176227,0.9058521534432804,4.286359927517238,0.01,1.0,,,
1270,4.373046875,0.0,4.373046875,0.00041444444444444444,8.28888888888889e-05,33102.33405634465,0.666370048,0.4761901126190941,0.774286347399743,4.275597005584334,0.01,1.0,,,
1280,4.4306640625,0.0,4.4306640625,0.0004133333333333333,8.266666666666667e-05,33047.678587810966,0.671612928,0.4820881066249483,0.4381365427656138,4.264767933950732,0.01,1.0,,,
1290,4.255859375,0.0,4.255859375,0.00041222222222222224,8.244444444444445e-05,33050.164805069326,0.676855808,0.5137962399516681,0.6513129261634628,4.253873140129636,0.01,1.0,,,
1300,5.3173828125,0.0,5.3173828125,0.0004111111111111111,8.222222222222222e-05,33051.77664800446,0.682098688,0.4951902765773288,0.8673664853572375,4.242913054228853,0.01,1.0,,,
1310,4.529296875,0.0,4.529296875,0.00041000000000000005,8.200000000000001e-05,33051.846388725295,0.687341568,0.4136476307493585,0.9096337215876471,4.2318881089338065,0.01,1.0,,,
1320,3.904296875,0.0,3.904296875,0.00040888888888888887,8.177777777777777e-05,33051.876596262024,0.692584448,0.40485071290506425,0.37136851897369466,4.2207987394904585,0.01,1.0,,,
1330,4.673828125,0.0,4.673828125,0.0004077777777777778,8.155555555555557e-05,33053.15435996559,0.697827328,0.41777328640296446,0.6603369816152349,4.2096453836881285,0.01,1.0,,,
1340,5.0751953125,0.0,5.0751953125,0.00040666666666666667,8.133333333333334e-05,33053.64701806047,0.703070208,0.5746333618340146,0.6464266175136368,4.198428481842204,0.01,1.0,,,
1350,4.0224609375,0.0,4.0224609375,0.00040555555555555554,8.111111111111112e-05,33053.562858049896,0.708313088,0.6388946810422954,0.7706707207215957,4.187148476776764,0.01,1.0,,,
1360,4.9716796875,0.0,4.9716796875,0.00040444444444444447,8.088888888888889e-05,33054.003060659554,0.713555968,0.6800908691868598,0.7368531296317615,4.175805813807095,0.01,1.0,,,
1370,4.3017578125,0.0,4.3017578125,0.00040333333333333334,8.066666666666667e-05,33053.097246680765,0.718798848,0.41487513929082037,0.516495502308495,4.164400940722109,0.01,1.0,,,
1380,4.3310546875,0.0,4.3310546875,0.0004022222222222222,8.044444444444444e-05,33053.53779828105,0.724041728,0.506519558981244,0.7242495566242468,4.1529343077666665,0.01,1.0,,,
1390,4.3408203125,0.0,4.3408203125,0.0004011111111111111,8.022222222222222e-05,33054.02249275808,0.729284608,0.3612050187053179,0.7089831017290834,4.141406367623802,0.01,1.0,,,
1400,4.251953125,0.0,4.251953125,0.0004,8e-05,33054.928676717485,0.734527488,0.4017060977675412,0.8975656524383744,4.129817575396856,0.01,1.0,,,
1410,4.779296875,0.0,4.779296875,0.0003988888888888889,7.977777777777779e-05,33055.43074968229,0.739770368,0.45266101941610376,0.7886505792008484,4.118168388591498,0.01,1.0,,,
1420,4.5380859375,0.0,4.5380859375,0.00039777777777777777,7.955555555555556e-05,33056.28340051325,0.745013248,0.36145517670465654,0.3061062802217458,4.106459267097681,0.01,1.0,,,
1430,4.6259765625,0.0,4.6259765625,0.0003966666666666667,7.933333333333334e-05,33056.55830651452,0.750256128,0.48457628838075206,0.8742265910059429,4.09469067317147,0.01,1.0,,,
1440,4.3642578125,0.0,4.3642578125,0.00039555555555555557,7.911111111111111e-05,33057.00654674635,0.755499008,0.46026715904082766,0.48949466021270566,4.082863071416802,0.01,1.0,,,
1450,4.2470703125,0.0,4.2470703125,0.00039444444444444444,7.88888888888889e-05,33057.86048634911,0.760741888,0.4655093369599995,0.8273111426562278,4.070976928767144,0.01,1.0,,,
1460,3.95556640625,0.0,3.95556640625,0.0003933333333333333,7.866666666666666e-05,33058.34466443623,0.765984768,0.5786244883362366,0.34097100078949816,4.059032714467053,0.01,1.0,,,
1470,4.07568359375,0.0,4.07568359375,0.00039222222222222225,7.844444444444446e-05,33059.15724498455,0.771227648,0.3886633275035446,0.3764718789009658,4.0470309000536595,0.01,1.0,,,
1480,4.375,0.0,4.375,0.0003911111111111111,7.822222222222223e-05,33059.2744923305,0.776470528,0.3284289115145658,0.38494085481294477,4.034971959338046,0.01,1.0,,,
1490,4.7353515625,0.0,4.7353515625,0.00039000000000000005,7.800000000000001e-05,33059.49854131039,0.781713408,0.33768199963497686,0.6741431784051573,4.022856368386543,0.01,1.0,,,
1500,4.578125,0.0,4.578125,0.0003888888888888889,7.777777777777778e-05,33059.941066682535,0.786956288,0.28626495843023203,0.9581762350246096,4.010684605501935,0.01,1.0,,,
1510,4.3740234375,0.0,4.3740234375,0.0003877777777777778,7.755555555555556e-05,33059.711775384036,0.792199168,0.4639208195607198,0.8858263259855151,3.998457151204583,0.01,1.0,,,
1520,4.15966796875,0.0,4.15966796875,0.00038666666666666667,7.733333333333333e-05,33060.780703414974,0.797442048,0.4376674335635918,0.6743568954209604,3.9861744882134422,0.01,1.0,,,
1530,4.2421875,0.0,4.2421875,0.00038555555555555554,7.711111111111112e-05,33060.28578733835,0.802684928,0.22595654065496573,0.9740226593942692,3.9738371014270184,0.01,1.0,,,
1540,4.1806640625,0.0,4.1806640625,0.00038444444444444447,7.68888888888889e-05,33061.75354002007,0.807927808,0.48123312879598473,0.8453468386953605,3.961445477904215,0.01,1.0,,,
1550,4.46826171875,0.0,4.46826171875,0.0003833333333333333,7.666666666666667e-05,33062.7506690374,0.813170688,0.4164631161408552,0.9091200029764152,3.9490001068451135,0.01,1.0,,,
1560,4.4150390625,0.0,4.4150390625,0.0003822222222222223,7.644444444444445e-05,33063.44017601478,0.818413568,0.355954839362158,0.878202462402904,3.9365014795716515,0.01,1.0,,,
1570,4.3369140625,0.0,4.3369140625,0.00038111111111111115,7.622222222222223e-05,33063.38854140497,0.823656448,0.3541011698061033,0.9352466860600602,3.923950089508233,0.01,1.0,,,
1580,4.27001953125,0.0,4.27001953125,0.00038,7.6e-05,33064.410726208625,0.828899328,0.34828987888452234,0.6262638214402321,3.911346432162246,0.01,1.0,,,
1590,4.2939453125,0.0,4.2939453125,0.0003788888888888889,7.577777777777779e-05,33065.046607449076,0.834142208,0.35672066217038584,0.9339987226739486,3.898691005104502,0.01,1.0,,,
1600,3.77978515625,0.0,3.77978515625,0.00037777777777777777,7.555555555555556e-05,33065.44225900277,0.839385088,0.5483650555238008,0.8356964947801434,3.8859843079495917,0.01,1.0,,,
1610,4.02685546875,0.0,4.02685546875,0.00037666666666666664,7.533333333333334e-05,33066.37104173992,0.844627968,0.19366240428361833,0.9810536753629305,3.8732268423361615,0.01,1.0,,,
1620,4.1689453125,0.0,4.1689453125,0.0003755555555555555,7.511111111111111e-05,33066.58257364395,0.849870848,0.3831739963928158,0.9235070101193253,3.86041911190711,0.01,1.0,,,
1630,4.1376953125,0.0,4.1376953125,0.0003744444444444445,7.488888888888889e-05,33066.868413577155,0.855113728,0.42045462465714445,0.5218405706001777,3.847561622289702,0.01,1.0,,,
1640,4.439453125,0.0,4.439453125,0.0003733333333333333,7.466666666666666e-05,33066.58582480299,0.860356608,0.29997843640039623,0.9539512423774582,3.834654881075616,0.01,1.0,,,
1650,4.11328125,0.0,4.11328125,0.00037222222222222225,7.444444444444444e-05,33067.12637783378,0.865599488,0.318938267907145,0.410869360929954,3.821699397800891,0.01,1.0,,,
1660,4.10986328125,0.0,4.10986328125,0.0003711111111111111,7.422222222222223e-05,33067.35021298503,0.870842368,0.3092855376970695,0.9509718278190437,3.8086956839258264,0.01,1.0,,,
1670,4.291015625,0.0,4.291015625,0.00037,7.4e-05,33068.09369960429,0.876085248,0.28610367754284244,0.8309034147110036,3.795644252814778,0.01,1.0,,,
1680,4.37353515625,0.0,4.37353515625,0.00036888888888888887,7.377777777777778e-05,33068.24049343904,0.881328128,0.501915628238243,0.8658683637906496,3.7825456197158998,0.01,1.0,,,
1690,4.072265625,0.0,4.072265625,0.00036777777777777774,7.355555555555556e-05,33069.130051655615,0.886571008,0.27144366785848856,0.45189607008245664,3.7694003017407978,0.01,1.0,,,
1700,3.95703125,0.0,3.95703125,0.0003666666666666667,7.333333333333334e-05,33069.84535309609,0.891813888,0.4469578016837717,0.38763801262612474,3.7562088178441164,0.01,1.0,,,
1710,3.939453125,0.0,3.939453125,0.00036555555555555554,7.311111111111111e-05,33070.85552347497,0.897056768,0.22831910106751482,0.9735467182707709,3.742971688803054,0.01,1.0,,,
1720,4.18017578125,0.0,4.18017578125,0.00036444444444444447,7.28888888888889e-05,33071.49840557208,0.902299648,0.1556735108485433,0.9878547663703348,3.7296894371967984,0.01,1.0,,,
1730,4.0048828125,0.0,4.0048828125,0.00036333333333333335,7.266666666666667e-05,33071.61897536105,0.907542528,0.2768640184811591,0.9610145658761325,3.7163625873859,0.01,1.0,,,
1740,3.95458984375,0.0,3.95458984375,0.0003622222222222222,7.244444444444445e-05,33072.46242496391,0.912785408,0.33488793851539655,0.9415684697775111,3.7029916654915715,0.01,1.0,,,
1750,3.9150390625,0.0,3.9150390625,0.0003611111111111111,7.222222222222222e-05,33072.95491593478,0.918028288,0.5183260562775907,0.8545674802187875,3.6895771993749125,0.01,1.0,,,
1760,4.0966796875,0.0,4.0966796875,0.00035999999999999997,7.2e-05,33073.755588790555,0.923271168,0.34444261275956795,0.6820872560294624,3.6761197186160777,0.01,1.0,,,
1770,4.0546875,0.0,4.0546875,0.00035888888888888895,7.177777777777778e-05,33073.93073505785,0.928514048,0.49254388311926556,0.8703437571405414,3.6626197544933636,0.01,1.0,,,
1780,4.06298828125,0.0,4.06298828125,0.00035777777777777777,7.155555555555555e-05,33034.80943351982,0.933756928,0.3039429743948849,0.9527230057528363,3.649077839962239,0.01,1.0,,,
1790,4.32861328125,0.0,4.32861328125,0.0003566666666666667,7.133333333333334e-05,33036.58634250215,0.938999808,0.26594744036215384,0.9638582119651796,3.635494509634302,0.01,1.0,,,
1800,6.009765625,0.0,6.009765625,0.00035555555555555557,7.111111111111112e-05,33036.32663126766,0.944242688,0.4143313942266194,0.9092827986906163,3.6218702997561745,0.01,1.0,,,
1810,4.51416015625,0.0,4.51416015625,0.00035444444444444445,7.088888888888889e-05,33036.974127393696,0.949485568,0.5256629877358688,0.8503062907249389,3.6082057481883356,0.01,1.0,,,
1820,3.6005859375,0.0,3.6005859375,0.0003533333333333333,7.066666666666667e-05,33033.53094015756,0.954728448,0.47299039056718617,0.8807108601094678,3.5945013943838826,0.01,1.0,,,
1830,3.4189453125,0.0,3.4189453125,0.00035222222222222225,7.044444444444444e-05,33031.40505641924,0.959971328,0.4830661998834896,0.8759063504314333,3.580757779367238,0.01,1.0,,,
1840,4.11279296875,0.0,4.11279296875,0.0003511111111111112,7.022222222222224e-05,33032.483648286994,0.965214208,0.4987827246299192,0.7791252357937396,3.5669754457127905,0.01,1.0,,,
1850,4.99365234375,0.0,4.99365234375,0.00035,7e-05,33033.50364781831,0.970457088,0.47110020453692725,0.883112795215275,3.5531549375234732,0.01,1.0,,,
1860,3.494140625,0.0,3.494140625,0.0003488888888888889,6.977777777777779e-05,33032.636989915685,0.975699968,0.5703261737820343,0.7023472921146263,3.539296800409286,0.01,1.0,,,
1870,4.20947265625,0.0,4.20947265625,0.00034777777777777774,6.955555555555555e-05,33032.83171709931,0.980942848,0.19570727693476062,0.980729982303321,3.525401581465752,0.01,1.0,,,
1880,4.08447265625,0.0,4.08447265625,0.00034666666666666667,6.933333333333334e-05,33033.50843712523,0.986185728,0.41147331961691425,0.8519883116045226,3.511469829252323,0.01,1.0,,,
1890,5.111328125,0.0,5.111328125,0.00034555555555555555,6.911111111111111e-05,33034.4852389597,0.991428608,0.1911400533183043,0.9815907686076283,3.4975020937707217,0.01,1.0,,,
1900,4.32568359375,0.0,4.32568359375,0.0003444444444444445,6.88888888888889e-05,32998.512424882836,0.996671488,0.4097760842003724,0.9125833189556424,3.483498926443227,0.01,1.0,,,
1910,3.90771484375,0.0,3.90771484375,0.00034333333333333335,6.866666666666666e-05,32999.7065429793,1.001914368,0.2721237131585646,0.9622499570702711,3.4694608800909097,0.01,1.0,,,
1920,3.94970703125,0.0,3.94970703125,0.0003422222222222222,6.844444444444445e-05,33000.441674867354,1.007157248,0.41972062898087514,0.3861167634758118,3.4553885089118017,0.01,1.0,,,
1930,3.99609375,0.0,3.99609375,0.00034111111111111115,6.822222222222223e-05,33001.58494150349,1.012400128,0.35647110151706707,0.46582625543080536,3.4412823684590217,0.01,1.0,,,
1940,4.04931640625,0.0,4.04931640625,0.00033999999999999997,6.8e-05,33001.250756036585,1.017643008,0.4628393697952001,0.8856293044578228,3.4271430156188414,0.01,1.0,,,
1950,3.66259765625,0.0,3.66259765625,0.0003388888888888889,6.777777777777778e-05,33002.372265545724,1.022885888,0.40932524820353744,0.8690419490489624,3.412971008588699,0.01,1.0,,,
1960,3.08984375,0.0,3.08984375,0.00033777777777777777,6.755555555555557e-05,33002.02373552032,1.028128768,0.3621732394142955,0.9318274607387305,3.398766906855168,0.01,1.0,,,
1970,4.51171875,0.0,4.51171875,0.0003366666666666667,6.733333333333333e-05,33002.50428849099,1.033371648,0.4729640783304966,0.8812508617337517,3.3845312711718627,0.01,1.0,,,
1980,4.1171875,0.0,4.1171875,0.0003355555555555556,6.711111111111112e-05,33003.771211831365,1.038614528,0.30075387460750014,0.41385769915841714,3.3702646635373026,0.01,1.0,,,
1990,4.16357421875,0.0,4.16357421875,0.00033444444444444445,6.688888888888889e-05,33004.69790796345,1.043857408,0.2794716719992753,0.9602097499838004,3.3559676471727315,0.01,1.0,,,
2000,4.271484375,0.0,4.271484375,0.0003333333333333334,6.666666666666668e-05,33004.77619965289,1.049100288,0.5291615132966523,0.6430700066105166,3.341640786499874,0.01,1.0,,,
2000,,,,,,,,,,,,,5.9951923076923075,5.9951923076923075,6.810096153846154
2010,4.58154296875,0.0,4.58154296875,0.0003322222222222222,6.644444444444444e-05,32998.94444244905,1.054343168,0.11944919158486453,0.9928570437254771,3.327284647118658,0.01,1.0,,,
2020,4.177734375,0.0,4.177734375,0.0003311111111111111,6.622222222222224e-05,33000.13411727599,1.059586048,0.16086227671771938,0.9868466722521192,3.3128997957848845,0.01,1.0,,,
2030,3.97900390625,0.0,3.97900390625,0.00032999999999999994,6.599999999999999e-05,33001.54589646236,1.064828928,0.3073626143819852,0.9515326218207295,3.298486800387852,0.01,1.0,,,
2040,4.1220703125,0.0,4.1220703125,0.0003288888888888889,6.577777777777779e-05,33002.46208139741,1.070071808,0.36396464941033924,0.42693796084271496,3.284046229927943,0.01,1.0,,,
2050,4.1689453125,0.0,4.1689453125,0.0003277777777777778,6.555555555555556e-05,33003.27650336386,1.075314688,0.2861106234736961,0.9579388957854454,3.2695786544941505,0.01,1.0,,,
2060,4.16015625,0.0,4.16015625,0.0003266666666666667,6.533333333333334e-05,33004.12267070597,1.080557568,0.3797464253312406,0.9250533043650745,3.2550846452415803,0.01,1.0,,,
2070,4.13037109375,0.0,4.13037109375,0.00032555555555555555,6.511111111111111e-05,33005.66875157249,1.085800448,0.2667611573186262,0.9636551856670951,3.240564774368902,0.01,1.0,,,
2080,4.076171875,0.0,4.076171875,0.0003244444444444444,6.488888888888889e-05,33005.98647859445,1.091043328,0.29526782057456674,0.6001183088579338,3.226019615095753,0.01,1.0,,,
2090,4.1318359375,0.0,4.1318359375,0.00032333333333333335,6.466666666666668e-05,33006.912777413374,1.096286208,0.30439110824136884,0.9525638108270653,3.2114497416401173,0.01,1.0,,,
2100,3.77783203125,0.0,3.77783203125,0.00032222222222222217,6.444444444444444e-05,33007.39403768147,1.101529088,0.4136672420345412,0.4328820710628344,3.196855729195651,0.01,1.0,,,
2110,3.9775390625,0.0,3.9775390625,0.00032111111111111115,6.422222222222223e-05,33006.54956024482,1.106771968,0.376482932165509,0.9263146046301932,3.182238153908978,0.01,1.0,,,
2120,3.89453125,0.0,3.89453125,0.00032,6.400000000000001e-05,33007.865505892085,1.112014848,0.3953139434426276,0.9185249530587493,3.1675975928569398,0.01,1.0,,,
2130,4.13134765625,0.0,4.13134765625,0.0003188888888888889,6.377777777777778e-05,33008.48958430095,1.117257728,0.535864477365644,0.5230587075092871,3.1529346240238176,0.01,1.0,,,
2140,4.6337890625,0.0,4.6337890625,0.0003177777777777778,6.355555555555556e-05,33009.561151966205,1.122500608,0.43891184765411145,0.8980871878405174,3.138249826278515,0.01,1.0,,,
2150,4.232421875,0.0,4.232421875,0.00031666666666666665,6.333333333333333e-05,33010.1786156601,1.127743488,0.35082062656029833,0.7823624546761464,3.1235437793517025,0.01,1.0,,,
2160,3.88720703125,0.0,3.88720703125,0.0003155555555555556,6.311111111111112e-05,33011.26976807625,1.132986368,0.36912316844850923,0.9295661467246912,3.1088170638129315,0.01,1.0,,,
2170,4.3349609375,0.0,4.3349609375,0.0003144444444444444,6.288888888888888e-05,33011.38785838665,1.138229248,0.3147410727586013,0.9493226188831142,3.0940702610477153,0.01,1.0,,,
2180,3.67236328125,0.0,3.67236328125,0.0003133333333333334,6.266666666666667e-05,33011.66729535028,1.143472128,0.270521417805642,0.27869043374664665,3.0793039532345765,0.01,1.0,,,
2190,3.74365234375,0.0,3.74365234375,0.00031222222222222225,6.244444444444445e-05,33012.30524131268,1.148715008,0.4272514528253487,0.6932566434514776,3.0645187233220654,0.01,1.0,,,
2200,3.880859375,0.0,3.880859375,0.0003111111111111111,6.222222222222222e-05,33012.72427956332,1.153957888,0.3134131676525629,0.897209031683473,3.0497151550057398,0.01,1.0,,,
2210,4.126953125,0.0,4.126953125,0.00031,6.2e-05,33014.09203893627,1.159200768,0.4258741184253249,0.9045956287482323,3.0348938327051296,0.01,1.0,,,
2220,3.8466796875,0.0,3.8466796875,0.0003088888888888889,6.177777777777779e-05,33014.727502796224,1.164443648,0.20104903390830525,0.9795306867626212,3.020055341540663,0.01,1.0,,,
2230,4.13818359375,0.0,4.13818359375,0.0003077777777777778,6.155555555555557e-05,33015.413165737715,1.169686528,0.3340902059350756,0.9423979962371221,3.005200267310561,0.01,1.0,,,
2240,3.791015625,0.0,3.791015625,0.0003066666666666667,6.133333333333334e-05,33016.48778080374,1.174929408,0.48496985076160354,0.4129787925366951,2.9903291964677208,0.01,1.0,,,
2250,4.2744140625,0.0,4.2744140625,0.0003055555555555556,6.111111111111112e-05,33016.62276447724,1.180172288,0.3261240620121818,0.9454383842244929,2.975442716096554,0.01,1.0,,,
2260,3.88671875,0.0,3.88671875,0.0003044444444444444,6.0888888888888883e-05,33017.51904729072,1.185415168,0.34846421033838576,0.9371232466577315,2.960541413889817,0.01,1.0,,,
2270,3.65771484375,0.0,3.65771484375,0.00030333333333333335,6.066666666666667e-05,33017.8423970469,1.190658048,0.49653359891647647,0.8681855164592319,2.9456258781254054,0.01,1.0,,,
2280,4.18017578125,0.0,4.18017578125,0.0003022222222222222,6.044444444444445e-05,33018.73455304554,1.195900928,0.14483295317251327,0.989430519433508,2.9306966976431315,0.01,1.0,,,
2290,3.94873046875,0.0,3.94873046875,0.0003011111111111111,6.0222222222222225e-05,33019.47185328355,1.201143808,0.1486487746316293,0.9889027107488961,2.915754461821478,0.01,1.0,,,
2300,4.28369140625,0.0,4.28369140625,0.0003,6e-05,33019.920033461705,1.206386688,0.38330156237376856,0.9234262610049986,2.9007997605543308,0.01,1.0,,,
2310,4.1982421875,0.0,4.1982421875,0.0002988888888888889,5.977777777777778e-05,33020.355594520326,1.211629568,0.43647087662749473,0.899443770135297,2.8858331842276876,0.01,1.0,,,
2320,4.0654296875,0.0,4.0654296875,0.00029777777777777783,5.955555555555557e-05,33020.507447750024,1.216872448,0.44551621097284005,0.5952431428922771,2.8708553236963565,0.01,1.0,,,
2330,4.046875,0.0,4.046875,0.00029666666666666665,5.933333333333333e-05,33021.066586518384,1.222115328,0.17022704769309252,0.9853697179027762,2.855866770260624,0.01,1.0,,,
2340,3.98974609375,0.0,3.98974609375,0.0002955555555555556,5.911111111111112e-05,33021.76092217434,1.227358208,0.3708923348555854,0.4203049015105231,2.8408681156429156,0.01,1.0,,,
2350,4.2626953125,0.0,4.2626953125,0.00029444444444444445,5.8888888888888896e-05,33022.13500898938,1.232601088,0.443707364583342,0.8621453829162665,2.825859951964435,0.01,1.0,,,
2360,4.02587890625,0.0,4.02587890625,0.0002933333333333333,5.866666666666667e-05,33022.170144727104,1.237843968,0.2663567115967513,0.964027610208217,2.8108428717217837,0.01,1.0,,,
2370,4.1025390625,0.0,4.1025390625,0.0002922222222222222,5.844444444444445e-05,33022.67499298523,1.243086848,0.2639796335756871,0.9645083461889048,2.7958174677635785,0.01,1.0,,,
2380,3.96337890625,0.0,3.96337890625,0.00029111111111111113,5.8222222222222224e-05,33022.944604271994,1.248329728,0.2904395949720453,0.7333844335137878,2.780784333267039,0.01,1.0,,,
2390,4.10546875,0.0,4.10546875,0.00029000000000000006,5.800000000000001e-05,33023.59090089285,1.253572608,0.34647057606432474,0.4760469503613607,2.765744061714574,0.01,1.0,,,
2400,3.82373046875,0.0,3.82373046875,0.0002888888888888889,5.7777777777777776e-05,33023.68804165712,1.258815488,0.18792418999996308,0.9822271639327846,2.7506972468703523,0.01,1.0,,,
2410,3.59912109375,0.0,3.59912109375,0.0002877777777777778,5.755555555555556e-05,33022.678012497265,1.264058368,0.29776290876577943,0.36649759960149303,2.7356444827568596,0.01,1.0,,,
2420,4.10693359375,0.0,4.10693359375,0.0002866666666666666,5.733333333333333e-05,33022.94619696098,1.269301248,0.13294824745523393,0.9911681869003358,2.720586363631447,0.01,1.0,,,
2430,4.0439453125,0.0,4.0439453125,0.00028555555555555555,5.711111111111112e-05,33023.218464709265,1.274544128,0.40313165570699216,0.9149018718727842,2.7055234839628763,0.01,1.0,,,
2440,3.7431640625,0.0,3.7431640625,0.0002844444444444444,5.6888888888888895e-05,33024.15535047342,1.279787008,0.3084899076032195,0.5620400163202859,2.690456438407843,0.01,1.0,,,
2450,4.6201171875,0.0,4.6201171875,0.00028333333333333335,5.666666666666667e-05,33022.96122905739,1.285029888,0.5863518992318391,0.6961573169099914,2.675385821787508,0.01,1.0,,,
2460,3.90478515625,0.0,3.90478515625,0.0002822222222222223,5.6444444444444454e-05,33024.05952676113,1.290272768,0.37006264884892504,0.7750885608446904,2.66031222906401,0.01,1.0,,,
2470,4.111328125,0.0,4.111328125,0.0002811111111111111,5.622222222222222e-05,33024.40138607265,1.295515648,0.30248360510768124,0.6206960174934776,2.64523625531698,0.01,1.0,,,
2480,3.90673828125,0.0,3.90673828125,0.00028000000000000003,5.6000000000000006e-05,33025.289902418284,1.300758528,0.17904360540282505,0.9838322419502884,2.6301584957200466,0.01,1.0,,,
2490,3.8837890625,0.0,3.8837890625,0.00027888888888888885,5.5777777777777775e-05,33025.67426473572,1.306001408,0.22895584364100433,0.9734693218064655,2.6150795455173417,0.01,1.0,,,
2500,3.44775390625,0.0,3.44775390625,0.0002777777777777778,5.555555555555556e-05,33026.5636470356,1.311244288,0.25480829934921584,0.9669286165441769,2.6,0.01,1.0,,,
2510,4.13916015625,0.0,4.13916015625,0.00027666666666666665,5.5333333333333334e-05,33026.66944445031,1.316487168,0.2914589221388978,0.4235021443956492,2.5849204544826585,0.01,1.0,,,
2520,3.2724609375,0.0,3.2724609375,0.0002755555555555556,5.511111111111111e-05,33025.61106812217,1.321730048,0.1838505799036356,0.9829295193064665,2.5698415042799536,0.01,1.0,,,
2530,3.80126953125,0.0,3.80126953125,0.00027444444444444445,5.488888888888889e-05,33025.96222155683,1.326972928,0.3907124594758029,0.5173027545787979,2.554763744683021,0.01,1.0,,,
2540,3.86962890625,0.0,3.86962890625,0.00027333333333333333,5.466666666666666e-05,33026.89329724064,1.332215808,0.2981850316419347,0.5456336086770066,2.5396877709359904,0.01,1.0,,,
2550,3.97412109375,0.0,3.97412109375,0.00027222222222222226,5.444444444444445e-05,33027.68039648465,1.337458688,0.40689137957297083,0.4411482030962912,2.524614178212492,0.01,1.0,,,
2560,4.2158203125,0.0,4.2158203125,0.0002711111111111111,5.422222222222222e-05,33028.065140189814,1.342701568,0.26794396790911484,0.9633580884484,2.509543561592157,0.01,1.0,,,
2570,3.8857421875,0.0,3.8857421875,0.00027,5.4000000000000005e-05,33029.08159577743,1.347944448,0.37461101725974605,0.6247186038965534,2.4944765160371247,0.01,1.0,,,
2580,4.0,0.0,4.0,0.00026888888888888893,5.377777777777778e-05,33029.02206325654,1.353187328,0.375292442291567,0.7990177265448176,2.4794136363685535,0.01,1.0,,,
2590,3.82666015625,0.0,3.82666015625,0.0002677777777777778,5.355555555555556e-05,33029.63888655677,1.358430208,0.3122042605634752,0.5736934405468616,2.4643555172431415,0.01,1.0,,,
2600,3.9345703125,0.0,3.9345703125,0.0002666666666666667,5.333333333333333e-05,33030.248032347554,1.363673088,0.30007523266348646,0.35863242122285066,2.4493027531296487,0.01,1.0,,,
2610,3.92333984375,0.0,3.92333984375,0.00026555555555555555,5.311111111111111e-05,33030.27200874777,1.368915968,0.17222988933954803,0.9850123952382555,2.4342559382854265,0.01,1.0,,,
2620,3.876953125,0.0,3.876953125,0.0002644444444444445,5.28888888888889e-05,33030.52703921396,1.374158848,0.12788477770502993,0.9918039990272832,2.419215666732962,0.01,1.0,,,
2630,3.76953125,0.0,3.76953125,0.0002633333333333333,5.266666666666666e-05,33031.19580368515,1.379401728,0.20962326917753696,0.9777620471682683,2.4041825322364225,0.01,1.0,,,
2640,3.85546875,0.0,3.85546875,0.00026222222222222223,5.244444444444445e-05,33031.28961361538,1.384644608,0.3563809468076484,0.4595966090037259,2.389157128278217,0.01,1.0,,,
2650,3.60107421875,0.0,3.60107421875,0.0002611111111111111,5.2222222222222214e-05,33031.79742893433,1.389887488,0.36702529624315594,0.9300424799022158,2.374140048035566,0.01,1.0,,,
2660,3.6767578125,0.0,3.6767578125,0.00026000000000000003,5.2000000000000004e-05,33031.79792072509,1.395130368,0.2700717028346088,0.5524552674825277,2.3591318843570845,0.01,1.0,,,
2670,4.33447265625,0.0,4.33447265625,0.0002588888888888889,5.177777777777778e-05,33032.81996140719,1.400373248,0.24888652570003203,0.9685484184455347,2.344133229739376,0.01,1.0,,,
2680,3.9892578125,0.0,3.9892578125,0.0002577777777777778,5.1555555555555556e-05,33033.02376700982,1.405616128,0.32017415642765107,0.9469902846953873,2.3291446763036445,0.01,1.0,,,
2690,3.77099609375,0.0,3.77099609375,0.00025666666666666665,5.133333333333333e-05,33032.99279476496,1.410859008,0.1878685650932066,0.9822083430078394,2.314166815772313,0.01,1.0,,,
2700,4.02880859375,0.0,4.02880859375,0.00025555555555555553,5.111111111111111e-05,33033.27222903926,1.416101888,0.3659826839166083,0.9307390729319022,2.2992002394456694,0.01,1.0,,,
2710,3.72314453125,0.0,3.72314453125,0.00025444444444444446,5.08888888888889e-05,33033.436156261,1.421344768,0.274655693420229,0.8117190754917859,2.284245538178522,0.01,1.0,,,
2720,3.93994140625,0.0,3.93994140625,0.00025333333333333333,5.066666666666666e-05,33033.96718508493,1.426587648,0.2187060563068165,0.2804992274783567,2.2693033023568687,0.01,1.0,,,
2730,3.30029296875,0.0,3.30029296875,0.00025222222222222226,5.044444444444445e-05,33034.6258999711,1.431830528,0.29842885992080226,0.2859882097403703,2.254374121874595,0.01,1.0,,,
2740,3.8505859375,0.0,3.8505859375,0.00025111111111111113,5.0222222222222226e-05,33034.998429655265,1.437073408,0.2835521820845445,0.6085003247154172,2.2394585861101834,0.01,1.0,,,
2750,3.6416015625,0.0,3.6416015625,0.00025,5e-05,33032.76099468623,1.442316288,0.17974333636192744,0.983771547771922,2.2245572839034464,0.01,1.0,,,
2760,3.8388671875,0.0,3.8388671875,0.0002488888888888889,4.977777777777778e-05,33033.75681985412,1.447559168,0.3012043482703573,0.9534434674255582,2.2096708035322794,0.01,1.0,,,
2770,3.7822265625,0.0,3.7822265625,0.00024777777777777775,4.9555555555555555e-05,33033.70326806667,1.452802048,0.22197153591888907,0.9750540072120122,2.1947997326894386,0.01,1.0,,,
2780,3.5498046875,0.0,3.5498046875,0.0002466666666666666,4.933333333333333e-05,33033.88324921944,1.458044928,0.16016577041759633,0.9870451074297178,2.1799446584593376,0.01,1.0,,,
2790,3.455078125,0.0,3.455078125,0.0002455555555555556,4.911111111111112e-05,33033.88922613681,1.463287808,0.32387949582620557,0.6519586748451937,2.1651061672948706,0.01,1.0,,,
2800,3.857421875,0.0,3.857421875,0.0002444444444444445,4.88888888888889e-05,33034.71742526835,1.468530688,0.34359267793589476,0.8255414162749897,2.1502848449942613,0.01,1.0,,,
2810,3.79296875,0.0,3.79296875,0.00024333333333333336,4.866666666666667e-05,33034.716392760405,1.473773568,0.2912343827640609,0.3532270781532705,2.135481276677935,0.01,1.0,,,
2820,3.8662109375,0.0,3.8662109375,0.00024222222222222223,4.844444444444445e-05,33034.85639674798,1.479016448,0.3117167174917927,0.9505790996828912,2.120696046765423,0.01,1.0,,,
2830,3.80322265625,0.0,3.80322265625,0.0002411111111111111,4.8222222222222225e-05,33035.28188309283,1.484259328,0.31821317621498935,0.8028134088591389,2.105929738952285,0.01,1.0,,,
2840,3.86865234375,0.0,3.86865234375,0.00024,4.8e-05,33036.04136283447,1.489502208,0.2413205019923184,0.7420738007171436,2.091182936187069,0.01,1.0,,,
2850,3.7373046875,0.0,3.7373046875,0.00023888888888888888,4.777777777777778e-05,33036.333241474604,1.494745088,0.2689831106645652,0.941326286276979,2.0764562206482986,0.01,1.0,,,
2860,4.2666015625,0.0,4.2666015625,0.00023777777777777775,4.7555555555555553e-05,33036.996441816365,1.499987968,0.3725524641127769,0.5450859972737031,2.061750173721485,0.01,1.0,,,
2870,3.62939453125,0.0,3.62939453125,0.0002366666666666667,4.733333333333334e-05,33037.43899942576,1.505230848,0.2519831022304365,0.6224475235120726,2.0470653759761825,0.01,1.0,,,
2880,3.77294921875,0.0,3.77294921875,0.00023555555555555558,4.711111111111112e-05,33037.7370525007,1.510473728,0.26953584965496913,0.37683179540661715,2.032402407143061,0.01,1.0,,,
2890,3.880859375,0.0,3.880859375,0.00023444444444444446,4.6888888888888895e-05,33038.32967248522,1.515716608,0.2546518302675771,0.362949951936089,2.0177618460910223,0.01,1.0,,,
2900,3.744140625,0.0,3.744140625,0.00023333333333333333,4.666666666666667e-05,33038.82643594352,1.520959488,0.2410257525952339,0.36278781008836897,2.003144270804349,0.01,1.0,,,
2910,3.7607421875,0.0,3.7607421875,0.00023222222222222223,4.644444444444445e-05,33039.49126118404,1.526202368,0.3082896771269162,0.4907064943233657,1.9885502583598837,0.01,1.0,,,
2920,3.70458984375,0.0,3.70458984375,0.0002311111111111111,4.6222222222222224e-05,33039.65132601154,1.531445248,0.33498520739207827,0.8219366780546694,1.9739803849042468,0.01,1.0,,,
2930,3.34033203125,0.0,3.34033203125,0.00022999999999999998,4.6e-05,33040.16095913132,1.536688128,0.4412787902487754,0.897388837490574,1.9594352256310985,0.01,1.0,,,
2940,3.80810546875,0.0,3.80810546875,0.00022888888888888888,4.5777777777777776e-05,33040.92262492464,1.541931008,0.33069787178443777,0.3328052039724083,1.9449153547584197,0.01,1.0,,,
2950,4.150390625,0.0,4.150390625,0.0002277777777777778,4.555555555555556e-05,33041.59371044069,1.547173888,0.3180250726833584,0.42469684716985406,1.9304213455058499,0.01,1.0,,,
2960,3.60498046875,0.0,3.60498046875,0.00022666666666666668,4.533333333333334e-05,33039.114509391686,1.552416768,0.38998904515418,0.7409244343314035,1.9159537700720577,0.01,1.0,,,
2970,4.015625,0.0,4.015625,0.00022555555555555556,4.511111111111112e-05,33039.646710245186,1.557659648,0.14602545681522452,0.989340739851578,1.9015131996121475,0.01,1.0,,,
2980,4.0576171875,0.0,4.0576171875,0.00022444444444444446,4.4888888888888894e-05,33040.076562400885,1.562902528,0.3921665916792384,0.5455534099533476,1.887100204215116,0.01,1.0,,,
2990,3.93798828125,0.0,3.93798828125,0.00022333333333333333,4.466666666666667e-05,33040.62755579226,1.568145408,0.3089926477167729,0.7325186879447123,1.8727153528813427,0.01,1.0,,,
3000,3.75439453125,0.0,3.75439453125,0.0002222222222222222,4.4444444444444447e-05,33041.31640254477,1.573388288,0.26290835136535756,0.8694468142766295,1.8583592135001263,0.01,1.0,,,
3000,,,,,,,,,,,,,5.735576923076923,5.735576923076923,6.824519230769231
3010,4.06298828125,0.0,4.06298828125,0.0002211111111111111,4.422222222222222e-05,33037.60407325685,1.578631168,0.27182029959076826,0.3689132776741164,1.844032352827269,0.01,1.0,,,
3020,3.427734375,0.0,3.427734375,0.00021999999999999998,4.4e-05,33038.554060699076,1.583874048,0.3728298643818832,0.7419599346527372,1.8297353364626974,0.01,1.0,,,
3030,3.70263671875,0.0,3.70263671875,0.0002188888888888889,4.377777777777778e-05,33038.813719176236,1.589116928,0.4158449438695421,0.9097491783798672,1.8154687288281377,0.01,1.0,,,
3040,3.935546875,0.0,3.935546875,0.0002177777777777778,4.355555555555556e-05,33039.41972307939,1.594359808,0.31927454485383955,0.3847533869656803,1.8012330931448322,0.01,1.0,,,
3050,3.50634765625,0.0,3.50634765625,0.00021666666666666668,4.3333333333333334e-05,33039.57135220086,1.599602688,0.34425429336951036,0.631088674199399,1.7870289914113007,0.01,1.0,,,
3060,4.2490234375,0.0,4.2490234375,0.00021555555555555556,4.311111111111111e-05,33039.69103538196,1.604845568,0.2340331234144999,0.9723087965174227,1.7728569843811592,0.01,1.0,,,
3070,3.88232421875,0.0,3.88232421875,0.00021444444444444443,4.2888888888888886e-05,33040.45024470295,1.610088448,0.26116727822016805,0.6724169864096722,1.7587176315409787,0.01,1.0,,,
3080,4.27685546875,0.0,4.27685546875,0.00021333333333333333,4.266666666666667e-05,33040.9166921127,1.615331328,0.501899941112298,0.794887686179447,1.7446114910881978,0.01,1.0,,,
3090,3.798828125,0.0,3.798828125,0.0002122222222222222,4.2444444444444445e-05,33041.070168354956,1.620574208,0.18337613844247783,0.9830835611537196,1.7305391199090905,0.01,1.0,,,
3100,3.2509765625,0.0,3.2509765625,0.00021111111111111113,4.222222222222223e-05,33041.19912413716,1.625817088,0.29317827633275906,0.5983425942050664,1.716501073556773,0.01,1.0,,,
3110,3.912109375,0.0,3.912109375,0.00021000000000000004,4.2000000000000004e-05,33041.43049694802,1.631059968,0.3397022483709766,0.6842578189567023,1.7024979062292793,0.01,1.0,,,
3120,4.525390625,0.0,4.525390625,0.0002088888888888889,4.177777777777778e-05,33041.565085303264,1.636302848,0.15492169598574432,0.9880299160501681,1.6885301707476774,0.01,1.0,,,
3130,3.5771484375,0.0,3.5771484375,0.00020777777777777778,4.155555555555556e-05,33041.52059865354,1.641545728,0.32444866938062483,0.9459456207826856,1.6745984185342488,0.01,1.0,,,
3140,4.37841796875,0.0,4.37841796875,0.00020666666666666666,4.133333333333333e-05,33041.4943535064,1.646788608,0.4888709947384085,0.8731189803708846,1.660703199590714,0.01,1.0,,,
3150,3.72998046875,0.0,3.72998046875,0.00020555555555555556,4.111111111111111e-05,33041.65213106329,1.652031488,0.4251654099659974,0.8945944806527829,1.646845062476526,0.01,1.0,,,
3160,3.80419921875,0.0,3.80419921875,0.00020444444444444443,4.0888888888888885e-05,33041.57129670316,1.657274368,0.30762764739922677,0.6463619495735553,1.6330245542872097,0.01,1.0,,,
3170,3.77587890625,0.0,3.77587890625,0.0002033333333333333,4.066666666666666e-05,33042.082967366456,1.662517248,0.3013666499505121,0.6345238700982627,1.6192422206327626,0.01,1.0,,,
3180,3.76513671875,0.0,3.76513671875,0.00020222222222222226,4.044444444444445e-05,33042.35648616315,1.667760128,0.2799184175397471,0.9599131741887718,1.6054986056161187,0.01,1.0,,,
3190,4.138671875,0.0,4.138671875,0.00020111111111111114,4.022222222222223e-05,33042.43443950551,1.673003008,0.3721799240602851,0.9279639279560239,1.591794251811665,0.01,1.0,,,
3200,3.97998046875,0.0,3.97998046875,0.0002,4e-05,33043.40040879284,1.678245888,0.33755704417976046,0.5616113792200667,1.5781297002438255,0.01,1.0,,,
3210,4.02978515625,0.0,4.02978515625,0.00019888888888888888,3.977777777777778e-05,33043.38495409216,1.683488768,0.43175744545446304,0.6203565770482888,1.564505490365698,0.01,1.0,,,
3220,3.869140625,0.0,3.869140625,0.00019777777777777778,3.9555555555555556e-05,33043.967789730545,1.688731648,0.3250654962724214,0.38826130899834205,1.5509221600377616,0.01,1.0,,,
3230,3.86279296875,0.0,3.86279296875,0.00019666666666666666,3.933333333333333e-05,33043.67189382389,1.693974528,0.35804834504941796,0.8421066475182266,1.5373802455066368,0.01,1.0,,,
3240,3.61572265625,0.0,3.61572265625,0.00019555555555555553,3.911111111111111e-05,33043.77406490973,1.699217408,0.3788775829987455,0.7151966068613643,1.523880281383923,0.01,1.0,,,
3250,3.544921875,0.0,3.544921875,0.00019444444444444443,3.8888888888888884e-05,33044.52384473431,1.704460288,0.37185501141594135,0.3544888552955267,1.5104228006250877,0.01,1.0,,,
3260,3.99365234375,0.0,3.99365234375,0.00019333333333333336,3.8666666666666674e-05,33044.456833668046,1.709703168,0.2952787361824765,0.5018326768586758,1.497008334508429,0.01,1.0,,,
3270,4.6552734375,0.0,4.6552734375,0.00019222222222222224,3.844444444444445e-05,33045.33912219264,1.714946048,0.16649004510778487,0.9859751237314676,1.4836374126140999,0.01,1.0,,,
3280,3.82177734375,0.0,3.82177734375,0.00019111111111111114,3.8222222222222226e-05,33045.82787488321,1.720188928,0.4258158167446469,0.9055499299300711,1.4703105628032025,0.01,1.0,,,
3290,4.0771484375,0.0,4.0771484375,0.00019,3.8e-05,33045.48385483427,1.725431808,0.1131340853187044,0.9935354805660088,1.4570283111969466,0.01,1.0,,,
3300,3.4658203125,0.0,3.4658203125,0.00018888888888888888,3.777777777777778e-05,33045.76520991899,1.730674688,0.21927488572592263,0.9758472857738352,1.4437911821558829,0.01,1.0,,,
3310,3.81787109375,0.0,3.81787109375,0.00018777777777777776,3.7555555555555554e-05,33045.82814990879,1.735917568,0.3434330009514541,0.5256366338454939,1.4305996982592029,0.01,1.0,,,
3320,3.5888671875,0.0,3.5888671875,0.00018666666666666666,3.733333333333333e-05,33046.3822177931,1.741160448,0.3188034516750737,0.9477999716780143,1.4174543802841004,0.01,1.0,,,
3330,3.88134765625,0.0,3.88134765625,0.00018555555555555553,3.711111111111111e-05,33047.12241880722,1.746403328,0.2632340644585124,0.8203279480964794,1.404355747185222,0.01,1.0,,,
3340,3.8408203125,0.0,3.8408203125,0.00018444444444444446,3.6888888888888896e-05,33047.44969406253,1.751646208,0.3112230461265876,0.4264552585575771,1.391304316074174,0.01,1.0,,,
3350,3.80859375,0.0,3.80859375,0.00018333333333333336,3.666666666666667e-05,33047.920342258134,1.756889088,0.35513880937189407,0.4788535751384053,1.3783006021991087,0.01,1.0,,,
3360,3.80224609375,0.0,3.80224609375,0.00018222222222222224,3.644444444444445e-05,33048.351729352595,1.762131968,0.3613403205690195,0.9323795889098898,1.3653451189243841,0.01,1.0,,,
3370,3.734375,0.0,3.734375,0.0001811111111111111,3.6222222222222225e-05,33048.67821354551,1.767374848,0.32648982256212083,0.9448733082261439,1.352438377710297,0.01,1.0,,,
3380,3.5615234375,0.0,3.5615234375,0.00017999999999999998,3.6e-05,33049.11833347012,1.772617728,0.3346519665293726,0.5745454173297025,1.3395808880928908,0.01,1.0,,,
3390,3.75341796875,0.0,3.75341796875,0.00017888888888888889,3.577777777777778e-05,33049.4296889257,1.777860608,0.3071924481603698,0.89891861031704,1.3267731576638386,0.01,1.0,,,
3400,3.50048828125,0.0,3.50048828125,0.00017777777777777776,3.555555555555555e-05,33050.083752649334,1.783103488,0.538171334386256,0.8071962479523733,1.3140156920504085,0.01,1.0,,,
3410,3.7509765625,0.0,3.7509765625,0.0001766666666666667,3.533333333333334e-05,33050.16549205758,1.788346368,0.19155906747804538,0.9815025551059481,1.3013089948954981,0.01,1.0,,,
3420,3.86376953125,0.0,3.86376953125,0.0001755555555555556,3.511111111111112e-05,33030.927180001665,1.793589248,0.29429825237179646,0.5361243376766334,1.2886535678377542,0.01,1.0,,,
3430,3.69921875,0.0,3.69921875,0.00017444444444444446,3.4888888888888895e-05,33031.16248870191,1.798832128,0.3674307554850578,0.6401019649427852,1.2760499104917675,0.01,1.0,,,
3440,3.94921875,0.0,3.94921875,0.00017333333333333334,3.466666666666667e-05,33031.431840151985,1.804075008,0.19352544048986056,0.9811724326785203,1.2634985204283486,0.01,1.0,,,
3450,3.732421875,0.0,3.732421875,0.00017222222222222224,3.444444444444445e-05,33031.846680578055,1.809317888,0.24629288268053617,0.9658414411066567,1.2509998931548871,0.01,1.0,,,
3460,3.494140625,0.0,3.494140625,0.0001711111111111111,3.4222222222222224e-05,33032.40492859094,1.814560768,0.5597691514273279,0.6700653342127956,1.238554522095784,0.01,1.0,,,
3470,3.77197265625,0.0,3.77197265625,0.00016999999999999999,3.4e-05,33032.51992953476,1.819803648,0.16869302236572492,0.9857175027103247,1.2261628985729816,0.01,1.0,,,
3480,3.78759765625,0.0,3.78759765625,0.00016888888888888886,3.3777777777777776e-05,33032.96602456805,1.825046528,0.22583541557731796,0.8216769549146652,1.2138255117865582,0.01,1.0,,,
3490,3.59130859375,0.0,3.59130859375,0.00016777777777777781,3.3555555555555566e-05,33033.21897213642,1.830289408,0.30150857502547385,0.777607926960871,1.2015428487954178,0.01,1.0,,,
3500,3.90185546875,0.0,3.90185546875,0.0001666666666666667,3.333333333333334e-05,33033.21608422041,1.835532288,0.23213623937274647,0.9727600428594233,1.1893153944980648,0.01,1.0,,,
3510,3.7890625,0.0,3.7890625,0.00016555555555555556,3.311111111111112e-05,33033.62568718695,1.840775168,0.3758976867924691,0.9264245827983915,1.1771436316134578,0.01,1.0,,,
3520,3.55517578125,0.0,3.55517578125,0.00016444444444444446,3.2888888888888894e-05,33033.88198203251,1.846018048,0.2554127241654805,0.2462787591901617,1.1650280406619544,0.01,1.0,,,
3530,3.56591796875,0.0,3.56591796875,0.00016333333333333334,3.266666666666667e-05,33034.236481214924,1.851260928,0.2662848246284302,0.664427368231677,1.1529690999463404,0.01,1.0,,,
3540,3.5380859375,0.0,3.5380859375,0.0001622222222222222,3.2444444444444446e-05,33034.421026359654,1.856503808,0.2595606255822723,0.4003061794143832,1.1409672855329467,0.01,1.0,,,
3550,3.61572265625,0.0,3.61572265625,0.00016111111111111108,3.222222222222222e-05,33034.81388983725,1.861746688,0.386842788727845,0.9221909189602835,1.1290230712328568,0.01,1.0,,,
3560,3.7431640625,0.0,3.7431640625,0.00015999999999999999,3.2e-05,33035.05447541766,1.866989568,0.2584591892761665,0.667038231892331,1.1171369285831978,0.01,1.0,,,
3570,3.548828125,0.0,3.548828125,0.00015888888888888891,3.177777777777778e-05,33035.42831083448,1.872232448,0.243637774278888,0.9698777700441181,1.1053093268285294,0.01,1.0,,,
3580,3.5244140625,0.0,3.5244140625,0.0001577777777777778,3.155555555555556e-05,33035.85300090374,1.877475328,0.2837745411953318,0.29261910026305343,1.0935407329023192,0.01,1.0,,,
3590,3.82373046875,0.0,3.82373046875,0.0001566666666666667,3.1333333333333334e-05,33036.32593427034,1.882718208,0.2765457277888318,0.588840658493014,1.0818316114085014,0.01,1.0,,,
3600,3.53369140625,0.0,3.53369140625,0.00015555555555555556,3.111111111111111e-05,33036.31797588356,1.887961088,0.2736117925613804,0.8482983147613629,1.0701824246031446,0.01,1.0,,,
3610,3.876953125,0.0,3.876953125,0.00015444444444444444,3.088888888888889e-05,33036.79661703591,1.893203968,0.2827054124959264,0.4010969608100525,1.0585936323761982,0.01,1.0,,,
3620,3.64306640625,0.0,3.64306640625,0.00015333333333333334,3.066666666666667e-05,33036.34934517069,1.898446848,0.2955120753447947,0.5732085677906075,1.0470656922333343,0.01,1.0,,,
3630,3.90966796875,0.0,3.90966796875,0.0001522222222222222,3.0444444444444442e-05,33036.89587222962,1.903689728,0.2797408089405921,0.5900532917183456,1.0355990592778905,0.01,1.0,,,
3640,3.46826171875,0.0,3.46826171875,0.00015111111111111109,3.0222222222222218e-05,33037.20033261871,1.908932608,0.3552043654938692,0.793156211105861,1.024194186192905,0.01,1.0,,,
3650,3.8447265625,0.0,3.8447265625,0.00015000000000000001,3.0000000000000008e-05,33037.73154846973,1.914175488,0.24104840603996042,0.9705547171969231,1.0128515232232358,0.01,1.0,,,
3660,3.783203125,0.0,3.783203125,0.00014888888888888891,2.9777777777777784e-05,33038.177339042304,1.919418368,0.3917577055034448,0.3172951759722207,1.0015715181577962,0.01,1.0,,,
3670,3.81396484375,0.0,3.81396484375,0.0001477777777777778,2.955555555555556e-05,33038.07479885744,1.924661248,0.2992388060753619,0.8826069089900769,0.9903546163118719,0.01,1.0,,,
3680,3.537109375,0.0,3.537109375,0.00014666666666666666,2.9333333333333336e-05,33038.127328118935,1.929904128,0.3237410582061274,0.9461531865973463,0.9792012605095413,0.01,1.0,,,
3690,3.8330078125,0.0,3.8330078125,0.00014555555555555556,2.9111111111111112e-05,33038.59325869129,1.935147008,0.28544462729112346,0.3909784966862157,0.9681118910661939,0.01,1.0,,,
3700,3.71875,0.0,3.71875,0.00014444444444444444,2.8888888888888888e-05,33039.051056461656,1.940389888,0.31574463841265815,0.49245463616764634,0.9570869457711471,0.01,1.0,,,
3710,3.6083984375,0.0,3.6083984375,0.0001433333333333333,2.8666666666666664e-05,33039.24791356463,1.945632768,0.29073577241871157,0.7831714890664395,0.9461268598703643,0.01,1.0,,,
3720,3.837890625,0.0,3.837890625,0.00014222222222222224,2.844444444444445e-05,33039.35832743305,1.950875648,0.25053780789347396,0.5467664437092175,0.9352320660492683,0.01,1.0,,,
3730,3.66748046875,0.0,3.66748046875,0.00014111111111111114,2.8222222222222227e-05,33039.743621123096,1.956118528,0.2609617588567321,0.8491821580334135,0.924402994415666,0.01,1.0,,,
3740,3.5439453125,0.0,3.5439453125,0.00014000000000000001,2.8000000000000003e-05,33022.41526620491,1.961361408,0.2853706591820396,0.8294571951255649,0.9136400724827622,0.01,1.0,,,
3750,3.10400390625,0.0,3.10400390625,0.0001388888888888889,2.777777777777778e-05,33022.56438495572,1.966604288,0.4518118047978235,0.8921730486541919,0.902943725152286,0.01,1.0,,,
3760,4.41259765625,0.0,4.41259765625,0.0001377777777777778,2.7555555555555555e-05,33022.74226301551,1.971847168,0.20491427932458944,0.9787664682875159,0.8923143746977151,0.01,1.0,,,
3770,3.40771484375,0.0,3.40771484375,0.00013666666666666666,2.733333333333333e-05,33022.01752802846,1.977090048,0.6986431836566229,0.7159731773588639,0.8817524407476052,0.01,1.0,,,
3780,2.90771484375,0.0,2.90771484375,0.00013555555555555554,2.711111111111111e-05,33021.167127800276,1.982332928,0.4440799236119402,0.8952418981159699,0.8712583402690242,0.01,1.0,,,
3790,2.91259765625,0.0,2.91259765625,0.0001344444444444444,2.6888888888888887e-05,33020.567176808145,1.987575808,0.4868146675825457,0.6598071894313383,0.860832487551088,0.01,1.0,,,
3800,4.2080078125,0.0,4.2080078125,0.00013333333333333337,2.6666666666666673e-05,33020.62207971685,1.992818688,0.3205058493468172,0.9474550028059291,0.850475294188612,0.01,1.0,,,
3810,3.1953125,0.0,3.1953125,0.00013222222222222224,2.644444444444445e-05,33020.612472836845,1.998061568,0.5136800536043543,0.8571994399673312,0.8401871690658564,0.01,1.0,,,
3820,3.814453125,0.0,3.814453125,0.00013111111111111111,2.6222222222222226e-05,33020.470600847904,2.003304448,0.30509612325305163,0.952336449593407,0.8299685183403829,0.01,1.0,,,
3830,3.66162109375,0.0,3.66162109375,0.00013000000000000002,2.6000000000000002e-05,33020.489824619806,2.008547328,0.3716726674890326,0.9280838004824156,0.8198197454270262,0.01,1.0,,,
3840,3.533203125,0.0,3.533203125,0.0001288888888888889,2.5777777777777778e-05,33020.785187080386,2.013790208,0.27142513926944095,0.558381509916347,0.809741250981963,0.01,1.0,,,
3850,4.08642578125,0.0,4.08642578125,0.00012777777777777776,2.5555555555555554e-05,33019.27549698793,2.019033088,0.4046871828654811,0.5371210893836271,0.799733432886897,0.01,1.0,,,
3860,3.5791015625,0.0,3.5791015625,0.00012666666666666666,2.533333333333333e-05,33019.7252633682,2.024275968,0.3735019598379442,0.9007308942551535,0.7897966862333508,0.01,1.0,,,
3870,3.9228515625,0.0,3.9228515625,0.00012555555555555554,2.5111111111111106e-05,33020.36660625532,2.029518848,0.3125304928597443,0.6895984424658977,0.7799314033070675,0.01,1.0,,,
3880,3.74267578125,0.0,3.74267578125,0.00012444444444444447,2.4888888888888896e-05,33020.627079995334,2.034761728,0.3135134538867612,0.5005222749934792,0.7701379735725256,0.01,1.0,,,
3890,3.63037109375,0.0,3.63037109375,0.00012333333333333334,2.4666666666666672e-05,33020.32490365559,2.040004608,0.22768834009387406,0.9738044715675888,0.7604167836575606,0.01,1.0,,,
3900,3.36962890625,0.0,3.36962890625,0.00012222222222222224,2.444444444444445e-05,33020.32710703128,2.045247488,0.2664097527691869,0.963868742270852,0.7507682173381056,0.01,1.0,,,
3910,3.38671875,0.0,3.38671875,0.00012111111111111112,2.4222222222222224e-05,33020.50284797597,2.050490368,0.29054498073931717,0.9566270064917519,0.741192655523039,0.01,1.0,,,
3920,3.97314453125,0.0,3.97314453125,0.00012,2.4e-05,33020.159292681274,2.055733248,0.16867350787610988,0.9856099136344795,0.7316904762391441,0.01,1.0,,,
3930,3.6376953125,0.0,3.6376953125,0.00011888888888888888,2.3777777777777777e-05,33020.24639281973,2.060976128,0.2277641927702513,0.9737677796957318,0.7222620546161886,0.01,1.0,,,
3940,3.56103515625,0.0,3.56103515625,0.00011777777777777776,2.3555555555555553e-05,33020.443524795795,2.066219008,0.2759006800488089,0.6150602068070973,0.7129077628721154,0.01,1.0,,,
3950,3.83984375,0.0,3.83984375,0.00011666666666666664,2.333333333333333e-05,33020.112267948796,2.071461888,0.310772800113085,0.9345314792264039,0.703627970298343,0.01,1.0,,,
3960,3.8232421875,0.0,3.8232421875,0.00011555555555555558,2.3111111111111115e-05,33020.84421479329,2.076704768,0.2380145250283585,0.9713404196076865,0.694423043245195,0.01,1.0,,,
3970,3.87744140625,0.0,3.87744140625,0.00011444444444444447,2.288888888888889e-05,33021.34604644248,2.081947648,0.33544921723168664,0.5356010922161962,0.6852933451074299,0.01,1.0,,,
3980,3.900390625,0.0,3.900390625,0.00011333333333333334,2.266666666666667e-05,33021.38443158063,2.087190528,0.2391324290027922,0.5692471576181362,0.6762392363098966,0.01,1.0,,,
3990,3.66943359375,0.0,3.66943359375,0.00011222222222222223,2.2444444444444447e-05,33022.11741425188,2.092433408,0.22331581069098572,0.580896026708665,0.6672610742933074,0.01,1.0,,,
4000,3.5029296875,0.0,3.5029296875,0.0001111111111111111,2.2222222222222223e-05,33022.31328256088,2.097676288,0.15800980976493204,0.9874381589138044,0.6583592135001264,0.01,1.0,,,
4000,,,,,,,,,,,,,5.528846153846154,5.528846153846154,6.7764423076923075
4010,3.89599609375,0.0,3.89599609375,0.00010999999999999999,2.2e-05,33019.3498990796,2.102919168,0.2906314075072908,0.3766399888028958,0.6495340053605745,0.01,1.0,,,
4020,3.4189453125,0.0,3.4189453125,0.00010888888888888886,2.1777777777777776e-05,33019.99093755445,2.108162048,0.26570699565904654,0.5361974624696864,0.6407857982787586,0.01,1.0,,,
4030,3.81982421875,0.0,3.81982421875,0.00010777777777777775,2.1555555555555552e-05,33020.30053460831,2.113404928,0.3686450333553336,0.3465471102063009,0.6321149376189144,0.01,1.0,,,
4040,3.76513671875,0.0,3.76513671875,0.0001066666666666667,2.1333333333333338e-05,33020.86214994088,2.118647808,0.24194682517269,0.47097317905773006,0.6235217656917746,0.01,1.0,,,
4050,3.92236328125,0.0,3.92236328125,0.00010555555555555557,2.1111111111111114e-05,33021.35684211882,2.123890688,0.20230954429660225,0.9792462058960317,0.6150066217410519,0.01,1.0,,,
4060,3.4931640625,0.0,3.4931640625,0.00010444444444444445,2.088888888888889e-05,33021.561359958185,2.129133568,0.3559505030353648,0.6550017418696109,0.6065698419300494,0.01,1.0,,,
4070,3.00927734375,0.0,3.00927734375,0.00010333333333333333,2.0666666666666666e-05,33021.09263643043,2.134376448,0.4082365465353196,0.9135413259098246,0.5982117593283893,0.01,1.0,,,
4080,3.59423828125,0.0,3.59423828125,0.00010222222222222222,2.0444444444444443e-05,33021.10532702904,2.139619328,0.2702094593919798,0.486003716137988,0.58993270389886,0.01,1.0,,,
4090,3.9306640625,0.0,3.9306640625,0.0001011111111111111,2.022222222222222e-05,33021.63698762989,2.144862208,0.2539700919737415,0.9669853579367845,0.5817330024843943,0.01,1.0,,,
4100,3.6015625,0.0,3.6015625,9.999999999999998e-05,1.9999999999999995e-05,33021.97633390828,2.150105088,0.3252010040728873,0.6813061287156805,0.5736129787951638,0.01,1.0,,,
4110,3.40576171875,0.0,3.40576171875,9.888888888888892e-05,1.9777777777777785e-05,33022.09782808241,2.155347968,0.2820295788556194,0.3637490113453735,0.5655729533958007,0.01,1.0,,,
4120,3.7900390625,0.0,3.7900390625,9.77777777777778e-05,1.955555555555556e-05,33022.63842622175,2.160590848,0.19863194633478362,0.9802195555078544,0.5576132436927393,0.01,1.0,,,
4130,3.6279296875,0.0,3.6279296875,9.666666666666668e-05,1.9333333333333337e-05,33022.439315768206,2.165833728,0.27404041304082916,0.9574168969092745,0.5497341639216914,0.01,1.0,,,
4140,3.8564453125,0.0,3.8564453125,9.555555555555557e-05,1.9111111111111113e-05,33022.584521751305,2.171076608,0.330194852164583,0.5091540734849316,0.541936025135235,0.01,1.0,,,
4150,3.6279296875,0.0,3.6279296875,9.444444444444444e-05,1.888888888888889e-05,33022.84125981992,2.176319488,0.2998632732022858,0.517417760463292,0.5342191351905355,0.01,1.0,,,
4160,3.84033203125,0.0,3.84033203125,9.333333333333333e-05,1.8666666666666665e-05,33023.140675704126,2.181562368,0.2602983496573433,0.38492781953488225,0.5265837987371953,0.01,1.0,,,
4170,3.5517578125,0.0,3.5517578125,9.22222222222222e-05,1.844444444444444e-05,33023.51323035057,2.186805248,0.2649227155129673,0.4232338990967218,0.519030317205224,0.01,1.0,,,
4180,3.685546875,0.0,3.685546875,9.111111111111109e-05,1.8222222222222218e-05,33023.76652225285,2.192048128,0.26224437973803827,0.45322648317743514,0.5115589887931383,0.01,1.0,,,
4190,3.80419921875,0.0,3.80419921875,9.000000000000003e-05,1.8000000000000007e-05,33023.97842448977,2.197291008,0.22905536435521243,0.24137924434750585,0.5041701084561916,0.01,1.0,,,
4200,3.5947265625,0.0,3.5947265625,8.88888888888889e-05,1.7777777777777783e-05,33024.680873229896,2.202533888,0.27880863162921893,0.532445080020533,0.4968639678947274,0.01,1.0,,,
4210,3.30810546875,0.0,3.30810546875,8.77777777777778e-05,1.755555555555556e-05,33024.851767426815,2.207776768,0.419522254216142,0.9079639604700138,0.48964085554266534,0.01,1.0,,,
4220,3.34375,0.0,3.34375,8.666666666666667e-05,1.7333333333333336e-05,33025.129719672834,2.213019648,0.21074503112920348,0.9776515257234372,0.4825010565561124,0.01,1.0,,,
4230,3.60595703125,0.0,3.60595703125,8.555555555555556e-05,1.7111111111111112e-05,33025.58129450866,2.218262528,0.2550074834120919,0.5538946320071444,0.47544485280210713,0.01,1.0,,,
4240,3.896484375,0.0,3.896484375,8.444444444444443e-05,1.6888888888888888e-05,33025.802925330056,2.223505408,0.29555631789614917,0.5679192037272575,0.46847252284749324,0.01,1.0,,,
4250,3.52734375,0.0,3.52734375,8.333333333333332e-05,1.6666666666666664e-05,33026.196369221536,2.228748288,0.32192417604850565,0.3931294586897785,0.4615843419479173,0.01,1.0,,,
4260,3.73388671875,0.0,3.73388671875,8.22222222222222e-05,1.644444444444444e-05,33026.32872378202,2.233991168,0.40220672868341817,0.914776363574504,0.4547805820369669,0.01,1.0,,,
4270,3.5283203125,0.0,3.5283203125,8.111111111111113e-05,1.6222222222222227e-05,33026.65146445128,2.239234048,0.25411008209208014,0.9672806376480247,0.4480615117154344,0.01,1.0,,,
4280,4.41748046875,0.0,4.41748046875,8.000000000000002e-05,1.6000000000000003e-05,33026.91221936977,2.244476928,0.3503103405808776,0.9364681072087824,0.4414273962407094,0.01,1.0,,,
4290,3.70166015625,0.0,3.70166015625,7.88888888888889e-05,1.577777777777778e-05,33027.17390830782,2.249719808,0.24547699223282532,0.8779797375449447,0.4348784975163132,0.01,1.0,,,
4300,3.5263671875,0.0,3.5263671875,7.777777777777778e-05,1.5555555555555555e-05,33027.114215262314,2.254962688,0.2722083950897795,0.6503763680667296,0.42841507408155355,0.01,1.0,,,
4310,3.58203125,0.0,3.58203125,7.666666666666667e-05,1.5333333333333334e-05,33027.26628820799,2.260205568,0.13731364895057374,0.9904545478253867,0.4220373811013195,0.01,1.0,,,
4320,3.58447265625,0.0,3.58447265625,7.555555555555554e-05,1.5111111111111109e-05,33027.3077418039,2.265448448,0.31746277576110005,0.9480873874288027,0.4157456703560104,0.01,1.0,,,
4330,3.82470703125,0.0,3.82470703125,7.444444444444443e-05,1.4888888888888885e-05,33027.55767740996,2.270691328,0.32267196401121795,0.8534914043379233,0.4095401902315934,0.01,1.0,,,
4340,3.513671875,0.0,3.513671875,7.33333333333333e-05,1.4666666666666661e-05,33027.60066894425,2.275934208,0.28970065106691345,0.4705777333029286,0.4034211857097979,0.01,1.0,,,
4350,3.99658203125,0.0,3.99658203125,7.222222222222225e-05,1.444444444444445e-05,33027.91572135855,2.281177088,0.4896571080986626,0.6323360152522061,0.39738889835844526,0.01,1.0,,,
4360,3.4228515625,0.0,3.4228515625,7.111111111111112e-05,1.4222222222222225e-05,33026.97129025435,2.286419968,0.2333448724729011,0.972426259978569,0.39144356632191113,0.01,1.0,,,
4370,3.49658203125,0.0,3.49658203125,7.000000000000001e-05,1.4000000000000001e-05,33027.520793582975,2.291662848,0.26732356359255277,0.29884228449400535,0.3855854243117248,0.01,1.0,,,
4380,3.60009765625,0.0,3.60009765625,6.88888888888889e-05,1.3777777777777778e-05,33027.84870531826,2.296905728,0.24237567746174493,0.43863615200488965,0.37981470359730096,0.01,1.0,,,
4390,3.44873046875,0.0,3.44873046875,6.777777777777777e-05,1.3555555555555555e-05,33027.67727815517,2.302148608,0.2947249897113202,0.7515530793921406,0.3741316319968127,0.01,1.0,,,
4400,3.375,0.0,3.375,6.666666666666666e-05,1.3333333333333332e-05,33028.13522505352,2.307391488,0.391522239598413,0.9201602660534343,0.3685364338681968,0.01,1.0,,,
4410,4.24267578125,0.0,4.24267578125,6.555555555555553e-05,1.3111111111111108e-05,33027.537578770716,2.312634368,0.3703758891120334,0.5893922808833196,0.3630293301002937,0.01,1.0,,,
4420,3.47900390625,0.0,3.47900390625,6.444444444444447e-05,1.2888888888888894e-05,33027.89971068159,2.317877248,0.4266741199092045,0.6264307634828125,0.3576105381041311,0.01,1.0,,,
4430,4.0908203125,0.0,4.0908203125,6.333333333333336e-05,1.2666666666666672e-05,33028.33842465408,2.323120128,0.4027927086026577,0.8234793398709177,0.3522802718043385,0.01,1.0,,,
4440,4.0322265625,0.0,4.0322265625,6.222222222222223e-05,1.2444444444444448e-05,33028.23624905209,2.328363008,0.2534754738618853,0.9674424765913997,0.34703874163070225,0.01,1.0,,,
4450,3.37451171875,0.0,3.37451171875,6.111111111111112e-05,1.2222222222222224e-05,33028.92613758223,2.333605888,0.2949844948795408,0.6456148936368697,0.34188615450985893,0.01,1.0,,,
4460,3.548828125,0.0,3.548828125,6e-05,1.2e-05,33029.087410038795,2.338848768,0.2603577216158802,0.6030910688619898,0.33682271385712514,0.01,1.0,,,
4470,3.369140625,0.0,3.369140625,5.888888888888888e-05,1.1777777777777776e-05,33029.69283557634,2.344091648,0.3403078500553997,0.6367433754415043,0.33184861956846873,0.01,1.0,,,
4480,2.75,0.0,2.75,5.777777777777776e-05,1.1555555555555553e-05,33028.85283281981,2.349334528,0.34768063637569985,0.6839446302698761,0.32696406801261385,0.01,1.0,,,
4490,3.5517578125,0.0,3.5517578125,5.6666666666666644e-05,1.1333333333333329e-05,33029.20769929995,2.354577408,0.29064854448675853,0.9393072446550933,0.3221692520232932,0.01,1.0,,,
4500,3.23291015625,0.0,3.23291015625,5.555555555555558e-05,1.1111111111111117e-05,33029.774073691115,2.359820288,0.2775656326597473,0.28153788374201144,0.31746436089163155,0.01,1.0,,,
4510,3.44482421875,0.0,3.44482421875,5.4444444444444466e-05,1.0888888888888893e-05,33029.55224002607,2.365063168,0.23495123363186007,0.4349686584738092,0.312849580358675,0.01,1.0,,,
4520,3.52685546875,0.0,3.52685546875,5.333333333333335e-05,1.0666666666666669e-05,33030.04102925092,2.370306048,0.26480405102518306,0.5525870755688753,0.3083250926080569,0.01,1.0,,,
4530,3.4111328125,0.0,3.4111328125,5.222222222222223e-05,1.0444444444444445e-05,33030.33765732172,2.375548928,0.24319891019098816,0.6939668905936881,0.3038910762588067,0.01,1.0,,,
4540,3.6953125,0.0,3.6953125,5.111111111111111e-05,1.0222222222222221e-05,33015.92110701513,2.380791808,0.35078965940934376,0.7735822375193951,0.29954770635829797,0.01,1.0,,,
4550,3.61865234375,0.0,3.61865234375,4.999999999999999e-05,9.999999999999997e-06,33016.82430087344,2.386034688,0.26908340909154116,0.5250410414790995,0.29529515437533665,0.01,1.0,,,
4560,3.90673828125,0.0,3.90673828125,4.888888888888887e-05,9.777777777777775e-06,33017.2435488224,2.391277568,0.275172760485115,0.685272119643833,0.29113358819339374,0.01,1.0,,,
4570,3.37158203125,0.0,3.37158203125,4.777777777777775e-05,9.555555555555551e-06,33017.19773459171,2.396520448,0.2206821161176109,0.9753618295066059,0.2870631721039767,0.01,1.0,,,
4580,3.61376953125,0.0,3.61376953125,4.666666666666669e-05,9.333333333333338e-06,33017.73902823012,2.401763328,0.2827817230214569,0.6796377681031355,0.2830840668001427,0.01,1.0,,,
4590,3.89208984375,0.0,3.89208984375,4.555555555555557e-05,9.111111111111116e-06,33017.49742059839,2.407006208,0.41330294545451585,0.808426484971772,0.279196429370156,0.01,1.0,,,
4600,3.74658203125,0.0,3.74658203125,4.444444444444445e-05,8.888888888888892e-06,33017.851055370025,2.412249088,0.24925685406422649,0.3983575601226083,0.2754004132912857,0.01,1.0,,,
4610,3.337890625,0.0,3.337890625,4.3333333333333334e-05,8.666666666666668e-06,33018.311332925616,2.417491968,0.2764082083857638,0.9608783252477369,0.2716961684237461,0.01,1.0,,,
4620,3.4345703125,0.0,3.4345703125,4.2222222222222215e-05,8.444444444444444e-06,33018.52490080985,2.422734848,0.29705289225773207,0.5921636349940567,0.26808384100478244,0.01,1.0,,,
4630,3.21044921875,0.0,3.21044921875,4.11111111111111e-05,8.22222222222222e-06,33018.75934458964,2.427977728,0.3171824312434986,0.40554818441838336,0.26456357364289634,0.01,1.0,,,
4640,3.2548828125,0.0,3.2548828125,3.999999999999998e-05,7.999999999999996e-06,33018.629448691885,2.433220608,0.24796113482044682,0.5549850631470238,0.2611355053122149,0.01,1.0,,,
4650,3.5615234375,0.0,3.5615234375,3.8888888888888864e-05,7.777777777777772e-06,33019.06696028207,2.438463488,0.300245273511208,0.7664935800945658,0.25779977134700643,0.01,1.0,,,
4660,3.21435546875,0.0,3.21435546875,3.77777777777778e-05,7.55555555555556e-06,33019.35006476043,2.443706368,0.2430586554422614,0.1977782185085475,0.2545565034363357,0.01,1.0,,,
4670,3.61767578125,0.0,3.61767578125,3.666666666666668e-05,7.3333333333333365e-06,33019.60873136204,2.448949248,0.22336302157509694,0.5043221658186593,0.25140582961886704,0.01,1.0,,,
