step,train/loss,train/lr,train/tokens_per_sec,train/tokens_seen_B,train/grad_norm,eval/nll
0,11.69921875,0.0,63749.57759617119,0.000524288,0.9999656056482051,
10,11.51171875,2.5e-05,81757.82297491531,0.005767168,1.0000428324164927,
20,10.66015625,5e-05,81646.55328322736,0.011010048,0.999294115171688,
30,9.828125,7.5e-05,82041.0994978129,0.016252928,0.9954975979282811,
40,8.47265625,0.0001,81457.81759366642,0.021495808,0.9997549998481886,
50,7.78125,0.000125,81411.56193989297,0.026738688,0.9013011160932838,
60,7.490234375,0.00015,75641.55647116402,0.031981568,0.9338311863145262,
70,7.525390625,0.00017500000000000003,76505.96770284422,0.037224448,0.7542666280945004,
80,6.87890625,0.0002,77175.23240557408,0.042467328,0.7213595970498197,
90,6.947265625,0.000225,77822.79203499947,0.047710208,0.9629360006739599,
100,6.791015625,0.00025,78274.2920292233,0.052953088,1.0017156526739648,
110,6.833984375,0.000275,78700.36040097347,0.058195968,0.6428374722907684,
120,6.71484375,0.0003,78720.20970879248,0.063438848,1.0037496378552737,
130,6.0,0.000325,79045.14921681538,0.068681728,1.0002418156551653,
140,6.095703125,0.00035000000000000005,79297.67702610928,0.073924608,0.7505393856230209,
150,5.916015625,0.000375,79503.30192753002,0.079167488,0.597316538873262,
160,5.759765625,0.0004,79620.3464640495,0.084410368,0.6877610367172438,
170,5.525390625,0.00042500000000000003,79775.25217011366,0.089653248,0.6502541628508446,
180,5.888671875,0.00045,79844.4177674392,0.094896128,0.780150600670319,
190,6.1796875,0.000475,79983.33692112475,0.100139008,1.0024444036108269,
200,5.7421875,0.0005,80109.55080052781,0.105381888,0.5864137737681222,
200,,,,,,6.232142857142857
210,5.69140625,0.0004989583333333334,80128.99717379105,0.110624768,0.824382107970053,
220,5.73828125,0.0004979166666666667,80238.80622674455,0.115867648,0.4627857168131151,
230,5.56640625,0.000496875,80346.72258848368,0.121110528,0.4435086810835716,
240,5.779296875,0.0004958333333333334,80433.92308562582,0.126353408,0.6463306204864988,
250,5.388671875,0.0004947916666666667,80518.20221467722,0.131596288,0.5897502655329843,
260,5.580078125,0.00049375,80590.34195600373,0.136839168,0.5500890864377513,
270,5.6484375,0.0004927083333333334,80658.39382862863,0.142082048,0.5880185076260068,
280,5.45703125,0.0004916666666666666,80718.11017852159,0.147324928,0.4060367837361424,
290,5.23046875,0.000490625,80804.1564963295,0.152567808,0.41346335270614154,
300,5.291015625,0.0004895833333333333,80856.79117362006,0.157810688,0.3710924355608513,
310,5.298828125,0.0004885416666666666,80914.07521683701,0.163053568,0.4785887532250734,
320,5.107421875,0.0004875,80947.24448273996,0.168296448,0.345219937251265,
330,5.248046875,0.0004864583333333333,80937.37820435652,0.173539328,0.5593135672530886,
340,5.34765625,0.00048541666666666666,81007.3672377287,0.178782208,0.9119936475139413,
350,5.0234375,0.000484375,81060.37315176424,0.184025088,0.5968309054574996,
360,5.462890625,0.00048333333333333334,81119.85387286257,0.189267968,0.3917283699205807,
370,5.224609375,0.0004822916666666667,81145.56984700472,0.194510848,0.6685841834458649,
380,5.05859375,0.00048125,81186.82014523847,0.199753728,0.3406259753768478,
390,5.306640625,0.00048020833333333336,81225.08473683511,0.204996608,0.39530969486964374,
400,4.94140625,0.0004791666666666667,81229.85198537467,0.210239488,0.4089073435788946,
400,,,,,,5.428571428571429
410,4.873046875,0.00047812500000000003,81265.53435984279,0.215482368,0.3783487672281879,
420,4.8203125,0.0004770833333333334,81295.69251434247,0.220725248,0.3620071432299502,
430,5.0390625,0.00047604166666666666,81338.21428999466,0.225968128,0.30953278426263436,
440,5.111328125,0.000475,81372.7376466946,0.231211008,0.36697127483807485,
450,4.958984375,0.00047395833333333334,81422.1831316213,0.236453888,0.3484857539510322,
460,4.724609375,0.0004729166666666667,81451.49806437329,0.241696768,0.43690280628216294,
470,5.0390625,0.000471875,81451.25070332045,0.246939648,0.40648348882777435,
480,4.70703125,0.00047083333333333336,81466.90529939612,0.252182528,0.35657134351251607,
490,4.58203125,0.0004697916666666667,81488.81616043535,0.257425408,0.4009093142841013,
500,4.732421875,0.00046875,81514.56221330813,0.262668288,0.31606821482030156,
510,4.78515625,0.0004677083333333333,81538.20326388668,0.267911168,0.3491115105879267,
520,4.822265625,0.00046666666666666666,81553.99248927349,0.273154048,0.4103587188492105,
530,4.892578125,0.000465625,81584.06905244489,0.278396928,0.33290106580483764,
540,4.66015625,0.00046458333333333334,81602.45669630314,0.283639808,0.46846216550610603,
550,4.76171875,0.0004635416666666667,81608.43123449881,0.288882688,0.3968778939770004,
560,4.583984375,0.0004625,81632.25234978838,0.294125568,0.3002527321199025,
570,5.552734375,0.0004614583333333333,81628.8505587002,0.299368448,0.40477672379456925,
580,4.650390625,0.0004604166666666667,81650.68838914797,0.304611328,0.3278860831126942,
590,4.708984375,0.000459375,81666.93099837599,0.309854208,0.38119641117221026,
600,4.58984375,0.0004583333333333333,81680.30279099908,0.315097088,0.30822465136327276,
600,,,,,,4.959821428571429
610,4.591796875,0.00045729166666666666,81671.85199793249,0.320339968,0.32905334682475884,
620,4.37109375,0.00045625,81688.77231409166,0.325582848,0.29226326746073095,
630,4.2734375,0.00045520833333333334,81662.27787033067,0.330825728,0.23792746136570017,
640,4.41015625,0.0004541666666666667,81678.7377747193,0.336068608,0.43365761326368335,
650,4.576171875,0.000453125,81692.37003109175,0.341311488,0.40622134503700635,
660,4.3662109375,0.00045208333333333336,81710.13762505057,0.346554368,0.2937608078853537,
670,5.125,0.0004510416666666667,81682.6356260954,0.351797248,0.35920504087368643,
680,4.55078125,0.00045000000000000004,81712.39012316777,0.357040128,0.32317880342394695,
690,4.912109375,0.0004489583333333334,81734.96097400183,0.362283008,0.28737649606467564,
700,4.447265625,0.0004479166666666667,81752.97356808565,0.367525888,0.32483816187133274,
710,4.3828125,0.000446875,81761.90224241871,0.372768768,0.2683459419504922,
720,4.1787109375,0.0004458333333333333,81776.5066918099,0.378011648,0.32027510419350524,
730,4.78515625,0.0004447916666666667,81787.44735088445,0.383254528,0.32811553000078175,
740,3.8388671875,0.00044374999999999997,81764.6188586308,0.388497408,0.4072099225478993,
750,4.525390625,0.0004427083333333333,81777.06166884892,0.393740288,0.3563051772200595,
760,4.509765625,0.00044166666666666665,81797.99785145691,0.398983168,0.2500936481270658,
770,4.36328125,0.000440625,81811.60627329223,0.404226048,0.2952622604582559,
780,4.392578125,0.00043958333333333333,81820.02986537747,0.409468928,0.2675342324361967,
790,4.388671875,0.00043854166666666667,81834.48518745488,0.414711808,0.30963972803461604,
800,4.5234375,0.0004375,81844.81025399845,0.419954688,0.2658039357489807,
800,,,,,,4.65625
810,4.203125,0.00043645833333333335,81850.46970923389,0.425197568,0.2700242951604067,
820,4.47265625,0.0004354166666666667,81863.06441616848,0.430440448,0.25952912664470895,
830,4.177734375,0.00043437500000000003,81870.76175755709,0.435683328,0.32965195247233076,
840,4.24609375,0.00043333333333333337,81873.31225834262,0.440926208,0.3221549280436352,
850,4.0947265625,0.0004322916666666667,81888.09781808278,0.446169088,0.28257761010468546,
860,4.2373046875,0.00043125000000000005,81891.21793505434,0.451411968,0.27311321821731405,
870,3.865234375,0.00043020833333333333,81907.07453995569,0.456654848,0.305220559727186,
880,4.31640625,0.0004291666666666667,81913.93732159851,0.461897728,0.26597817932371853,
890,4.76953125,0.000428125,81920.1123966342,0.467140608,0.2574357212162247,
900,4.380859375,0.0004270833333333333,81925.1451417399,0.472383488,0.23962725649512787,
910,4.0361328125,0.00042604166666666664,81940.69881852066,0.477626368,0.26893209262914697,
920,4.369140625,0.000425,81949.05833164125,0.482869248,0.24682378271243463,
930,4.13671875,0.0004239583333333333,81954.8874241336,0.488112128,0.22692681408549664,
940,4.3359375,0.00042291666666666666,81969.36963948642,0.493355008,0.16455967585664874,
950,3.88671875,0.000421875,81974.50049921066,0.498597888,0.28292727219007097,
960,4.1044921875,0.00042083333333333333,81986.10609929288,0.503840768,0.23514288649377116,
970,3.9716796875,0.0004197916666666667,81948.81852895718,0.509083648,0.25032565409518337,
980,4.064453125,0.00041875,81963.7692001319,0.514326528,0.21266614809072212,
990,3.9033203125,0.00041770833333333335,81973.3249998334,0.519569408,0.3149831658180196,
1000,3.88671875,0.0004166666666666667,81976.78619550217,0.524812288,0.2622641641317302,
1000,,,,,,4.448660714285714
1010,3.7578125,0.00041562500000000003,81963.77874297944,0.530055168,0.24426463667066156,
1020,3.92578125,0.0004145833333333333,81967.83678134684,0.535298048,0.23913724174620826,
1030,3.9345703125,0.0004135416666666667,81973.54639499675,0.540540928,0.2821140586997389,
1040,4.2109375,0.0004125,81986.44750850335,0.545783808,0.21882153609548227,
1050,4.03515625,0.00041145833333333334,81999.98206549637,0.551026688,0.25074886047997086,
1060,4.099609375,0.0004104166666666667,82012.77853435399,0.556269568,0.24749933402858398,
1070,4.080078125,0.000409375,82015.99688353729,0.561512448,0.1900810333103707,
1080,4.5078125,0.00040833333333333336,82026.04341210454,0.566755328,0.21088907682884728,
1090,3.7490234375,0.0004072916666666667,82032.40922437598,0.571998208,0.22326763003406064,
1100,3.845703125,0.00040625000000000004,82029.6802362076,0.577241088,0.2468920236510818,
1110,4.052734375,0.0004052083333333333,82041.39899747026,0.582483968,0.2011139717223595,
1120,4.044921875,0.00040416666666666666,82049.22181087328,0.587726848,0.22540915177004034,
1130,4.02734375,0.000403125,82058.43310404092,0.592969728,0.2301698859732569,
1140,3.9990234375,0.00040208333333333334,82063.85366318868,0.598212608,0.23555124707595454,
1150,3.7119140625,0.0004010416666666667,82070.1774974987,0.603455488,0.24611403175858107,
1160,4.029296875,0.0004,82080.35063031374,0.608698368,0.19736765521454672,
1170,4.30859375,0.0003989583333333333,82089.24777337453,0.613941248,0.22769325482521285,
1180,3.689453125,0.0003979166666666667,82051.37416437395,0.619184128,0.24379508309099693,
1190,4.2734375,0.000396875,82063.46052812497,0.624427008,0.25930272093248463,
1200,4.2255859375,0.0003958333333333333,82070.35226822564,0.629669888,0.26132411077787476,
1200,,,,,,4.332589285714286
1210,4.234375,0.00039479166666666666,82060.90824828846,0.634912768,0.43067700325660524,
1220,4.068359375,0.00039375,81709.002612721,0.640155648,0.22566157185561736,
1230,4.486328125,0.00039270833333333334,81721.09245973814,0.645398528,0.21013682179519885,
1240,3.697265625,0.0003916666666666667,81736.16899856694,0.650641408,0.19397765053855184,
1250,3.90625,0.000390625,81743.96965937207,0.655884288,0.2637001859502428,
1260,4.228515625,0.00038958333333333336,81752.26332084386,0.661127168,0.2825873558833607,
1270,4.06640625,0.0003885416666666667,81759.9005736294,0.666370048,0.2370382998208053,
1280,3.9814453125,0.00038750000000000004,81467.98023838607,0.671612928,0.26761640849728374,
1290,3.9306640625,0.0003864583333333334,81484.92478965725,0.676855808,0.25081925777006125,
1300,4.974609375,0.0003854166666666667,81492.47123812877,0.682098688,0.3421656657903191,
1310,4.1455078125,0.000384375,81498.96120794951,0.687341568,0.249601999174479,
1320,3.5859375,0.0003833333333333333,81502.89164332919,0.692584448,0.18253559940475148,
1330,4.28515625,0.0003822916666666667,81512.4618704789,0.697827328,0.20882664615419422,
1340,4.6484375,0.00038124999999999997,81516.20785048511,0.703070208,0.29075316931121536,
1350,3.630859375,0.0003802083333333333,81524.6281090904,0.708313088,0.2420507566562412,
1360,4.564453125,0.00037916666666666665,81526.56931874061,0.713555968,0.30702680204439103,
1370,3.986328125,0.000378125,81533.58679247201,0.718798848,0.21278623428759438,
1380,4.0224609375,0.00037708333333333333,81535.40658173137,0.724041728,0.2520422954137276,
1390,4.0068359375,0.00037604166666666667,81537.56667395297,0.729284608,0.24852486148065145,
1400,3.916015625,0.000375,81549.40717864335,0.734527488,0.20620917698790817,
1400,,,,,,4.241071428571429
1410,4.185546875,0.00037395833333333335,81547.37227990628,0.739770368,0.20767809964048445,
1420,4.1298828125,0.0003729166666666667,81559.85723221986,0.745013248,0.24707582918105764,
1430,4.1630859375,0.000371875,81562.38374471232,0.750256128,0.19794448289039684,
1440,3.8935546875,0.00037083333333333337,81568.19977751625,0.755499008,0.22576816438265235,
1450,3.890625,0.00036979166666666665,81576.31925182062,0.760741888,0.33851401203324694,
1460,3.7177734375,0.00036875000000000005,81579.9492806245,0.765984768,0.18631694027974227,
1470,3.8525390625,0.00036770833333333333,81591.07709195279,0.771227648,0.2112276204069874,
1480,4.1201171875,0.0003666666666666667,81593.09349683099,0.776470528,0.23294282738638292,
1490,4.4833984375,0.000365625,81599.78237670066,0.781713408,0.1838754820476954,
1500,3.7607421875,0.0003645833333333334,81607.72396768541,0.786956288,0.2926579954753774,
1510,3.9384765625,0.00036354166666666664,81613.52124286209,0.792199168,0.2646794837604188,
1520,3.8125,0.0003625,81622.70804140225,0.797442048,0.2419006186935906,
1530,3.9697265625,0.0003614583333333333,81368.96865726593,0.802684928,0.2171341050060797,
1540,3.7451171875,0.00036041666666666665,81385.49191572453,0.807927808,0.18848883372068578,
1550,4.072265625,0.000359375,81399.67149628335,0.813170688,0.1817108522608756,
1560,3.9091796875,0.00035833333333333333,81160.49372367327,0.818413568,0.188194525189975,
1570,3.9921875,0.0003572916666666667,81174.27993018397,0.823656448,0.22927503513759978,
1580,3.9140625,0.00035625,81189.01383717162,0.828899328,0.19475840544347905,
1590,3.9931640625,0.00035520833333333335,81196.8224071287,0.834142208,0.18387789919652667,
1600,3.4697265625,0.00035416666666666664,81205.11078389172,0.839385088,0.20209815344640553,
1600,,,,,,4.154017857142857
1610,3.72265625,0.00035312500000000003,81213.74763472096,0.844627968,0.19871981618452386,
1620,3.6142578125,0.0003520833333333333,81219.75653947938,0.849870848,0.27889895790594044,
1630,3.908203125,0.0003510416666666667,81226.3615156864,0.855113728,0.1959168399472664,
1640,3.84375,0.00035,81235.83095617448,0.860356608,0.19849426298365036,
1650,3.7294921875,0.0003489583333333334,81238.36232401595,0.865599488,0.21865708676977763,
1660,3.8291015625,0.0003479166666666667,81250.32069914165,0.870842368,0.20890584576188742,
1670,4.0166015625,0.000346875,81261.52102409038,0.876085248,0.1938900663538524,
1680,3.794921875,0.00034583333333333335,81264.42668515244,0.881328128,0.2977079607828359,
1690,3.8203125,0.0003447916666666667,81276.52773757212,0.886571008,0.2028925125597875,
1700,3.7548828125,0.00034375,81285.52599543221,0.891813888,0.2158779176614338,
1710,3.755859375,0.0003427083333333333,81295.94998290943,0.897056768,0.17573352405276188,
1720,3.83203125,0.00034166666666666666,81297.33359873404,0.902299648,0.18270263590793248,
1730,3.76171875,0.000340625,81302.59318160778,0.907542528,0.2241453289693607,
1740,3.6884765625,0.00033958333333333334,81311.79958239234,0.912785408,0.18856606263949524,
1750,3.5634765625,0.0003385416666666666,81319.18021492875,0.918028288,0.21286843117808874,
1760,3.8369140625,0.0003375,81330.3020285935,0.923271168,0.19945981410653066,
1770,3.314453125,0.0003364583333333333,81338.98101085178,0.928514048,0.27198475107570375,
1780,3.755859375,0.0003354166666666667,81350.12954889622,0.933756928,0.2067520914080641,
1790,3.6220703125,0.000334375,81352.38850743261,0.938999808,0.18409438377713427,
1800,3.4306640625,0.0003333333333333334,81361.87880956955,0.944242688,0.18941931957347916,
1800,,,,,,4.098214285714286
1810,3.9248046875,0.00033229166666666666,81363.08661748684,0.949485568,0.3073556224335106,
1820,3.5439453125,0.00033125,81371.53220043442,0.954728448,0.23553487700194567,
1830,3.888671875,0.00033020833333333334,81380.05616156358,0.959971328,0.22049283372447287,
1840,3.7080078125,0.0003291666666666667,81385.0517150751,0.965214208,0.19510207875122218,
1850,3.7783203125,0.000328125,81395.83030972244,0.970457088,0.1960057066756661,
1860,3.4755859375,0.00032708333333333336,81399.02968301035,0.975699968,0.22396623035786364,
1870,3.953125,0.0003260416666666667,81404.75519023668,0.980942848,0.19883060881410747,
1880,3.8125,0.00032500000000000004,81413.91346700322,0.986185728,0.192001977652093,
1890,3.869140625,0.0003239583333333334,81418.24299389248,0.991428608,0.20665933162991343,
1900,3.900390625,0.0003229166666666666,81421.9792691305,0.996671488,0.21690799311858522,
1910,3.8935546875,0.000321875,81424.6270131799,1.001914368,0.18718576645000057,
1920,3.6376953125,0.0003208333333333333,81436.29601189875,1.007157248,0.20067195205236402,
1930,3.6513671875,0.0003197916666666667,81442.73148230069,1.012400128,0.18133093976334813,
1940,3.8310546875,0.00031874999999999997,81448.5658578774,1.017643008,0.20759960112069553,
1950,3.7265625,0.00031770833333333336,81455.6953278867,1.022885888,0.191898436575215,
1960,3.48828125,0.00031666666666666665,81458.55861650917,1.028128768,0.19939264143505137,
1970,3.9541015625,0.000315625,81469.52447219717,1.033371648,0.20638221827239273,
1980,3.7060546875,0.00031458333333333333,81473.763907003,1.038614528,0.2032149296895674,
1990,3.79296875,0.00031354166666666667,81484.9547634361,1.043857408,0.2446277897868727,
2000,4.083984375,0.0003125,81495.428510304,1.049100288,0.20778630066332918,
2000,,,,,,4.046875
2010,3.75,0.00031145833333333335,81496.11967322315,1.054343168,0.19721255166262136,
2020,3.75390625,0.0003104166666666667,81501.65270329152,1.059586048,0.19380973235058419,
2030,3.8359375,0.000309375,81509.18433667721,1.064828928,0.226116240777724,
2040,3.9931640625,0.00030833333333333337,81505.87314868567,1.070071808,0.19492513443341217,
2050,3.8564453125,0.00030729166666666665,81513.29837956521,1.075314688,0.1835104843247286,
2060,3.685546875,0.00030625000000000004,81517.41950098402,1.080557568,0.2012021462782562,
2070,3.548828125,0.00030520833333333333,81525.92481597346,1.085800448,0.22463676819171033,
2080,3.79296875,0.0003041666666666667,81530.40351998748,1.091043328,0.19680770013488064,
2090,3.95703125,0.000303125,81532.99314574506,1.096286208,0.2111976612677943,
2100,3.6416015625,0.0003020833333333334,81538.64772432383,1.101529088,0.18310070369960074,
2110,3.697265625,0.00030104166666666663,81539.41012445725,1.106771968,0.20256718248250002,
2120,3.810546875,0.0003,81545.94460786578,1.112014848,0.22781611826838152,
2130,3.771484375,0.0002989583333333333,81552.83811290876,1.117257728,0.18559840113919443,
2140,4.271484375,0.00029791666666666665,81363.35018568634,1.122500608,0.610108186502653,
2150,4.2109375,0.000296875,81369.50597876616,1.127743488,0.22769969009521257,
2160,4.103515625,0.00029583333333333333,81371.23218844457,1.132986368,0.39413971729985264,
2170,3.0810546875,0.00029479166666666667,81361.2543775822,1.138229248,0.33481186020729786,
2180,2.7861328125,0.00029375,81358.66175824823,1.143472128,0.197267326818686,
2190,3.8720703125,0.00029270833333333335,81364.42904695094,1.148715008,0.20483791028717424,
2200,3.779296875,0.00029166666666666664,81367.56541716444,1.153957888,0.20436855365488515,
2200,,,,,,4.040178571428571
2210,2.60546875,0.00029062500000000003,81362.49162570773,1.159200768,0.2269260440568423,
2220,3.8369140625,0.0002895833333333333,81366.20166258802,1.164443648,0.17652953984731412,
2230,4.2001953125,0.0002885416666666667,81372.55435318494,1.169686528,0.1992098806076813,
2240,3.7646484375,0.0002875,81382.32240189894,1.174929408,0.1841305425298472,
2250,3.9326171875,0.0002864583333333334,81367.90632524091,1.180172288,0.1980014292029961,
2260,3.3212890625,0.0002854166666666667,81378.34677844656,1.185415168,0.2959262915369744,
2270,3.6201171875,0.000284375,81380.42535145357,1.190658048,0.21053961830542856,
2280,3.8525390625,0.00028333333333333335,81386.25562227725,1.195900928,0.19271813968452256,
2290,3.6376953125,0.0002822916666666667,81384.94584253819,1.201143808,0.16840058139244926,
2300,3.646484375,0.00028125000000000003,81385.66445936172,1.206386688,0.23150888218728705,
2310,2.3486328125,0.0002802083333333333,81389.66002094354,1.211629568,0.25328981815934054,
2320,4.236328125,0.00027916666666666666,81394.10830206986,1.216872448,0.2080229773810119,
2330,3.791015625,0.000278125,81397.87982200735,1.222115328,0.18194002269801637,
2340,3.853515625,0.00027708333333333334,81404.3249434164,1.227358208,0.18937239392412292,
2350,3.705078125,0.0002760416666666666,81404.6192420879,1.232601088,0.18392245893111728,
2360,3.8876953125,0.000275,81409.85071058797,1.237843968,0.19610773096171233,
2370,3.689453125,0.0002739583333333333,81417.27115712517,1.243086848,0.2385223821652958,
2380,3.7939453125,0.0002729166666666667,81424.08068805895,1.248329728,0.20786898680586924,
2390,3.7666015625,0.000271875,81428.97859192207,1.253572608,0.2647588785748109,
2400,3.4326171875,0.0002708333333333334,81435.78717675518,1.258815488,0.18565113043802794,
2400,,,,,,3.9910714285714284
2410,3.767578125,0.00026979166666666666,81435.6215499597,1.264058368,0.21973157011061176,
2420,3.984375,0.00026875,81442.33648301409,1.269301248,0.17234110452628487,
2430,3.4892578125,0.00026770833333333334,81448.12222054922,1.274544128,0.17449098746259717,
2440,3.66796875,0.0002666666666666667,81452.74204913012,1.279787008,0.40724263780197495,
2450,3.7529296875,0.000265625,81459.3050296492,1.285029888,0.18699383409890652,
2460,3.80078125,0.00026458333333333336,81462.71084121491,1.290272768,0.1789483219548081,
2470,3.861328125,0.0002635416666666667,81462.91035924738,1.295515648,0.19866821416916072,
2480,3.77734375,0.00026250000000000004,81467.12780773378,1.300758528,0.20612810139661694,
2490,3.8134765625,0.0002614583333333334,81472.30949209155,1.306001408,0.27356093661457753,
2500,3.6455078125,0.0002604166666666666,81473.01633546157,1.311244288,0.19543519442211504,
2510,4.2421875,0.000259375,81477.90328478681,1.316487168,0.20580211177434876,
2520,3.6123046875,0.0002583333333333333,81484.89038757504,1.321730048,0.18253290297495925,
2530,3.4267578125,0.0002572916666666667,81487.65613275515,1.326972928,0.220110264110654,
2540,3.63671875,0.00025624999999999997,81489.38507485458,1.332215808,0.20293400574352088,
2550,3.6748046875,0.00025520833333333336,81495.1286316391,1.337458688,0.18390004658947004,
2560,3.41796875,0.00025416666666666665,81499.70994392647,1.342701568,0.18273317290115224,
2570,3.826171875,0.000253125,81505.85654267474,1.347944448,0.18911658587460148,
2580,3.60546875,0.0002520833333333333,81511.6916938826,1.353187328,0.17656209107360682,
2590,3.6708984375,0.00025104166666666667,81516.6906999017,1.358430208,0.18212242434925865,
2600,3.66015625,0.00025,81519.99882256838,1.363673088,0.20531760180979047,
2600,,,,,,3.9620535714285716
2610,3.5,0.00024895833333333334,81519.22233227002,1.368915968,0.22950985313743946,
2620,3.4794921875,0.0002479166666666667,81527.00036498955,1.374158848,0.2097809594135312,
2630,3.4951171875,0.000246875,81528.68145284046,1.379401728,0.18182476410068976,
2640,3.7626953125,0.00024583333333333336,81534.38821193695,1.384644608,0.20621508533230729,
2650,3.466796875,0.0002447916666666667,81540.14559700296,1.389887488,0.20385164355109278,
2660,3.4541015625,0.00024375000000000002,81544.3259713155,1.395130368,0.20834243637800598,
2670,3.7890625,0.00024270833333333336,81547.36936518377,1.400373248,0.21468188271958918,
2680,3.6513671875,0.00024166666666666664,81550.70980068237,1.405616128,0.24040469778499385,
2690,3.6796875,0.00024062499999999998,81556.89971448979,1.410859008,0.20131917870733812,
2700,3.7158203125,0.00023958333333333332,81559.7787472445,1.416101888,0.2509752308175239,
2710,3.8525390625,0.00023854166666666666,81556.80313115026,1.421344768,0.19063806052619386,
2720,3.6357421875,0.0002375,81561.74566265714,1.426587648,0.2055585473145197,
2730,3.9501953125,0.00023645833333333334,81567.29909999951,1.431830528,0.22281830642730108,
2740,3.7568359375,0.00023541666666666668,81569.63597331551,1.437073408,0.24353479702203215,
2750,3.939453125,0.000234375,81573.56376336058,1.442316288,0.19912050890240685,
2760,3.42578125,0.00023333333333333333,81567.42511440539,1.447559168,0.17302568664549942,
2770,3.970703125,0.00023229166666666667,81572.60744990209,1.452802048,0.1781578486071301,
2780,3.794921875,0.00023125,81573.50589955496,1.458044928,0.18969717232731095,
2790,3.5107421875,0.00023020833333333335,81435.8019198584,1.463287808,0.17079509117429464,
2800,3.6962890625,0.0002291666666666667,81437.77213246892,1.468530688,0.1983505691449778,
2800,,,,,,3.939732142857143
2810,3.4814453125,0.00022812500000000003,81432.63681945909,1.473773568,0.2203278743373547,
2820,3.6259765625,0.00022708333333333337,81439.62004460102,1.479016448,0.17031157635843888,
2830,3.556640625,0.00022604166666666665,81447.22900669693,1.484259328,0.16826783445788665,
2840,3.7314453125,0.000225,81453.36012092877,1.489502208,0.19524892191771484,
2850,3.6650390625,0.0002239583333333333,81320.90667906773,1.494745088,0.19675365173757411,
2860,4.34375,0.00022291666666666665,81330.69573176047,1.499987968,0.1907835081248349,
2870,2.6982421875,0.00022187499999999999,81325.07601600375,1.505230848,0.23715573962582126,
2880,3.7060546875,0.00022083333333333333,81335.37650421128,1.510473728,0.1926851459475694,
2890,3.8115234375,0.00021979166666666666,81337.23971881173,1.515716608,0.19085071094704736,
2900,3.5458984375,0.00021875,81207.90136804858,1.520959488,0.1828842080906072,
2910,3.3125,0.00021770833333333334,81216.58784768557,1.526202368,0.1752647029218771,
2920,3.33984375,0.00021666666666666668,81223.70956258025,1.531445248,0.18455490827702536,
2930,3.865234375,0.00021562500000000002,81231.03300427755,1.536688128,0.44851894611203086,
2940,3.9990234375,0.00021458333333333336,81237.58547726039,1.541931008,0.2519486385987257,
2950,3.71875,0.0002135416666666667,81245.26257380677,1.547173888,0.16318115106332784,
2960,3.68359375,0.00021250000000000002,81250.47050399757,1.552416768,0.25845920288027335,
2970,3.6025390625,0.00021145833333333335,81252.1067550489,1.557659648,0.18283480323845397,
2980,3.9580078125,0.00021041666666666664,81259.37896135707,1.562902528,0.2343894560476513,
2990,3.611328125,0.00020937499999999998,81264.10480578149,1.568145408,0.17573303174547072,
3000,3.5205078125,0.00020833333333333332,81267.69459531282,1.573388288,0.17220555368918516,
3000,,,,,,3.921875
3010,3.6591796875,0.00020729166666666666,81266.93115197387,1.578631168,0.1941523236602082,
3020,3.80078125,0.00020625,81274.03840004628,1.583874048,0.16017460360130534,
3030,3.802734375,0.00020520833333333334,81278.95791214534,1.589116928,0.17719710591416737,
3040,3.5390625,0.00020416666666666668,81281.94692441111,1.594359808,0.2037123840384809,
3050,3.615234375,0.00020312500000000002,81288.1359195812,1.599602688,0.18341798616907737,
3060,3.818359375,0.00020208333333333333,81290.08110560774,1.604845568,0.15026176710369937,
3070,3.6962890625,0.00020104166666666667,81298.22448668616,1.610088448,0.16787362780363344,
3080,3.5546875,0.0002,81303.58862558776,1.615331328,0.1715982290626255,
3090,3.44921875,0.00019895833333333335,81306.97495765213,1.620574208,0.19708623621683535,
3100,3.5703125,0.0001979166666666667,81300.57585722274,1.625817088,0.16094718590116394,
3110,3.7119140625,0.00019687500000000003,81305.72877114799,1.631059968,0.27400479299032604,
3120,3.6376953125,0.00019583333333333337,81312.27689998751,1.636302848,0.19455377339729082,
3130,3.7373046875,0.00019479166666666665,81315.47292371035,1.641545728,0.17925819246308972,
3140,3.1220703125,0.00019375,81315.59513021364,1.646788608,0.18215247545564375,
3150,3.6533203125,0.0001927083333333333,81317.37237760038,1.652031488,0.176987049563642,
3160,3.80078125,0.00019166666666666665,81320.93028964484,1.657274368,0.1948184632035118,
3170,3.603515625,0.00019062499999999998,81328.3524366836,1.662517248,0.174092685794685,
3180,3.623046875,0.00018958333333333332,81332.63665309861,1.667760128,0.17667679776926426,
3190,3.779296875,0.00018854166666666666,81339.41434997752,1.673003008,0.17079388232735715,
3200,3.6171875,0.0001875,81343.3183026763,1.678245888,0.18463631252832918,
3200,,,,,,3.8950892857142856
3210,3.7353515625,0.00018645833333333334,81344.51103511476,1.683488768,0.16023111657487346,
3220,3.5830078125,0.00018541666666666668,81348.78329756222,1.688731648,0.17217162200908892,
3230,3.83203125,0.00018437500000000002,81354.5233614008,1.693974528,0.18717183036097224,
3240,3.3564453125,0.00018333333333333336,81359.28940532329,1.699217408,0.17245008554044866,
3250,3.294921875,0.0001822916666666667,81363.57660325782,1.704460288,0.18456430510800112,
3260,3.3076171875,0.00018125000000000001,81365.56120319646,1.709703168,0.1938796070738827,
3270,3.69921875,0.00018020833333333335,81369.54241504717,1.714946048,0.18795983032503558,
3280,3.4990234375,0.00017916666666666664,81375.22426558335,1.720188928,0.19749086104317976,
3290,3.677734375,0.00017812499999999998,81380.72259782345,1.725431808,0.19109215235070307,
3300,3.498046875,0.00017708333333333332,81385.54827055777,1.730674688,0.19255211824333926,
3310,3.486328125,0.00017604166666666666,81374.04576917697,1.735917568,0.1941233462779046,
3320,3.3974609375,0.000175,81378.8862005573,1.741160448,0.20958248700142848,
3330,3.6953125,0.00017395833333333334,81384.15305867643,1.746403328,0.17886660819082995,
3340,3.828125,0.00017291666666666668,81390.3521173082,1.751646208,0.24621694592753826,
3350,3.3662109375,0.000171875,81393.63047749351,1.756889088,0.183624957473103,
3360,3.587890625,0.00017083333333333333,81396.7188374194,1.762131968,0.18425331555786773,
3370,3.431640625,0.00016979166666666667,81399.8635577987,1.767374848,0.17284683804122009,
3380,3.556640625,0.00016875,81402.98654952525,1.772617728,0.1719675675467349,
3390,3.5498046875,0.00016770833333333335,81401.67848017035,1.777860608,0.1613609147334824,
3400,3.7490234375,0.0001666666666666667,81403.3652566898,1.783103488,0.18975123142414627,
3400,,,,,,3.8816964285714284
3410,3.541015625,0.00016562500000000003,81406.37645711916,1.788346368,0.20392957008224485,
3420,3.537109375,0.00016458333333333337,81409.74324215292,1.793589248,0.19357689147229332,
3430,3.455078125,0.00016354166666666665,81416.0529857395,1.798832128,0.18574803107520596,
3440,3.2060546875,0.0001625,81418.99746616857,1.804075008,0.2057452979224972,
3450,3.18359375,0.0001614583333333333,81405.16588270546,1.809317888,0.1445795207104114,
3460,3.5615234375,0.00016041666666666664,81396.54057954613,1.814560768,0.18204079961072936,
3470,3.5537109375,0.00015937499999999998,81261.11177565173,1.819803648,0.200538314440748,
3480,3.1962890625,0.00015833333333333332,81239.02472165006,1.825046528,0.34108990927826055,
3490,3.787109375,0.00015729166666666666,81239.74446351621,1.830289408,0.17819327848584063,
3500,2.7890625,0.00015625,81229.81854971696,1.835532288,0.22959460109774027,
3510,2.501953125,0.00015520833333333334,81230.73154946079,1.840775168,0.213236975018822,
3520,3.5869140625,0.00015416666666666668,81215.50026979012,1.846018048,0.2088307674106041,
3530,3.4580078125,0.00015312500000000002,81215.18414482444,1.851260928,0.20095027118982212,
3540,2.01318359375,0.00015208333333333336,81210.66438241581,1.856503808,0.214790145294746,
3550,3.6455078125,0.0001510416666666667,81180.79741891862,1.861746688,0.1877681312793719,
3560,3.484375,0.00015000000000000001,81185.49033930639,1.866989568,0.2014478189879626,
3570,3.5546875,0.00014895833333333335,81174.2699035373,1.872232448,0.19573114744699915,
3580,3.8271484375,0.00014791666666666664,81150.97074210868,1.877475328,0.17060943241019505,
3590,3.5859375,0.00014687499999999998,81137.09439034181,1.882718208,0.1821664720109141,
3600,3.4130859375,0.00014583333333333332,81125.08190778241,1.887961088,0.19909909119879993,
3600,,,,,,3.872767857142857
3610,3.5771484375,0.00014479166666666666,81124.50228553962,1.893203968,0.1708558849700187,
3620,3.71875,0.00014375,81127.16529330182,1.898446848,0.16680577906320865,
3630,3.3642578125,0.00014270833333333334,81132.02705288575,1.903689728,0.17836214944749754,
3640,1.88232421875,0.00014166666666666668,81132.74651611243,1.908932608,0.2129941535862621,
3650,4.1357421875,0.00014062500000000002,81135.97585696689,1.914175488,0.21550037237587844,
3660,3.578125,0.00013958333333333333,81137.53763149116,1.919418368,0.18752784316072174,
3670,3.7626953125,0.00013854166666666667,81140.18973049812,1.924661248,0.47151024373100886,
3680,3.84765625,0.0001375,79429.50679499329,1.929904128,0.2528787068849046,
0,11.69921875,0.0,52767.89913207202,0.000524288,0.999965605636694,
10,11.51171875,2.5e-05,79672.68430360603,0.005767168,1.0000428360849603,
20,10.66015625,5e-05,80304.22451173104,0.011010048,0.9994386969229576,
30,9.828125,7.5e-05,81083.25854940615,0.016252928,0.995489854316424,
40,8.47265625,0.0001,80680.13947268814,0.021495808,0.9997914058353559,
50,7.78125,0.000125,80707.98631780324,0.026738688,0.9009355479193267,
60,7.4921875,0.00015,81054.05468955722,0.031981568,0.9377197397873552,
70,7.505859375,0.00017500000000000003,81090.01765327567,0.037224448,0.612801598010071,
80,6.87109375,0.0002,81208.60399455053,0.042467328,0.6458958492929602,
90,6.94140625,0.000225,81431.5442610598,0.047710208,0.8106120198596314,
100,6.732421875,0.00025,81592.47968494859,0.052953088,0.5205880310413737,
110,6.771484375,0.000275,81715.28863051208,0.058195968,0.5773747732159916,
120,6.68359375,0.0003,81449.35651416867,0.063438848,0.6391071077034037,
130,5.951171875,0.000325,81577.29967718132,0.068681728,0.7426035015695103,
140,6.02734375,0.00035000000000000005,81659.40369764941,0.073924608,0.5890932591120099,
150,5.861328125,0.000375,81638.685600529,0.079167488,0.9754426110373228,
160,5.71875,0.0004,81569.64524053017,0.084410368,0.7540302304041324,
170,5.509765625,0.00042500000000000003,81599.3993429444,0.089653248,0.5237764367794194,
180,5.92578125,0.00045,81543.10155252306,0.094896128,0.9969684773503428,
190,6.01171875,0.000475,81573.42817955647,0.100139008,0.6263218761009132,
200,5.744140625,0.0005,81624.6551926364,0.105381888,0.6545630110298225,
200,,,,,,6.21875
210,5.681640625,0.0004989583333333334,81563.8519836841,0.110624768,0.4401635081794593,
220,5.73828125,0.0004979166666666667,81612.1871602422,0.115867648,0.47589837556388914,
230,5.541015625,0.000496875,81630.614546289,0.121110528,0.4901669235252111,
240,5.748046875,0.0004958333333333334,81679.5950622797,0.126353408,0.49133248012044956,
250,5.361328125,0.0004947916666666667,81740.47463154391,0.131596288,0.4770270565663187,
260,5.560546875,0.00049375,81748.72823635537,0.136839168,0.522484774474347,
270,5.58984375,0.0004927083333333334,81782.60752447075,0.142082048,0.680656081209149,
280,5.4453125,0.0004916666666666666,81795.8582612324,0.147324928,0.4545631042933229,
290,5.208984375,0.000490625,81812.05354704996,0.152567808,0.33808935312787275,
300,5.26953125,0.0004895833333333333,81810.63505279121,0.157810688,0.48309443224731524,
310,5.28125,0.0004885416666666666,81823.2171790257,0.163053568,0.5498485572107881,
320,5.095703125,0.0004875,81856.74129789391,0.168296448,0.3620017425282635,
330,5.21875,0.0004864583333333333,81809.32065872237,0.173539328,0.5859176957411397,
340,5.25,0.00048541666666666666,81847.24138441483,0.178782208,0.41541791578897214,
350,4.998046875,0.000484375,81875.57229543255,0.184025088,0.41181801251699945,
360,5.439453125,0.00048333333333333334,81899.42917246299,0.189267968,0.39809759752638035,
370,5.203125,0.0004822916666666667,81896.29748704634,0.194510848,0.3946791500932011,
380,5.048828125,0.00048125,81926.34392308656,0.199753728,0.34290370783167956,
390,5.314453125,0.00048020833333333336,81950.653288643,0.204996608,0.42881624655660067,
400,4.923828125,0.0004791666666666667,81948.45596713223,0.210239488,0.39108361669062075,
400,,,,,,5.410714285714286
410,4.87109375,0.00047812500000000003,81955.95645015153,0.215482368,0.4932680997335135,
420,4.80859375,0.0004770833333333334,81958.68809040329,0.220725248,0.32569041095012347,
430,5.005859375,0.00047604166666666666,81990.33090926563,0.225968128,0.5618645400576393,
440,5.1015625,0.000475,81999.88747314252,0.231211008,0.35714821220527904,
450,4.947265625,0.00047395833333333334,82025.57980472386,0.236453888,0.41756940323444,
460,4.703125,0.0004729166666666667,82042.83411001408,0.241696768,0.33483437032176483,
470,5.02734375,0.000471875,82045.62147668807,0.246939648,0.3228271531431476,
480,4.6953125,0.00047083333333333336,82055.87367962883,0.252182528,0.3000591226108185,
490,4.556640625,0.0004697916666666667,82056.53311598196,0.257425408,0.37669163937896283,
500,4.72265625,0.00046875,82061.17396790994,0.262668288,0.41970915404827974,
510,4.765625,0.0004677083333333333,82059.027134302,0.267911168,0.6682239621613777,
520,4.8046875,0.00046666666666666666,82053.9010972219,0.273154048,0.3654747132360028,
530,4.865234375,0.000465625,82067.21366503622,0.278396928,0.5299627442480741,
540,4.6328125,0.00046458333333333334,82068.326192521,0.283639808,0.36476759125313846,
550,4.724609375,0.0004635416666666667,82061.50661273592,0.288882688,0.33991214177644263,
560,4.525390625,0.0004625,82068.93673719511,0.294125568,0.29173557121114874,
570,5.51953125,0.0004614583333333333,82058.79273659711,0.299368448,0.3710125489249189,
580,4.673828125,0.0004604166666666667,82061.40112470047,0.304611328,0.3581168192860439,
590,4.66796875,0.000459375,82063.98163418612,0.309854208,0.33652199788172743,
600,4.560546875,0.0004583333333333333,82062.07848183888,0.315097088,0.27093287536006944,
600,,,,,,4.924107142857143
610,4.5546875,0.00045729166666666666,82031.0411131357,0.320339968,0.46715241242958383,
620,4.365234375,0.00045625,82034.1824572022,0.325582848,0.3847871255504524,
630,4.259765625,0.00045520833333333334,81992.73872988325,0.330825728,0.3544663406796424,
640,4.37109375,0.0004541666666666667,82000.33123120677,0.336068608,0.3863261536911735,
650,4.5869140625,0.000453125,81992.67817033635,0.341311488,0.4636720270489383,
660,4.3447265625,0.00045208333333333336,82002.21160294503,0.346554368,0.2904837373272469,
670,5.115234375,0.0004510416666666667,81965.37142363515,0.351797248,0.3673293430789414,
680,4.53515625,0.00045000000000000004,81987.92635564046,0.357040128,0.2674697187440799,
690,4.875,0.0004489583333333334,82008.66954961554,0.362283008,0.2572690048123405,
700,4.52734375,0.0004479166666666667,81452.06882625766,0.367525888,0.3711823099056157,
710,3.8310546875,0.000446875,81468.32138739717,0.372768768,0.37116230702251135,
720,4.580078125,0.0004458333333333333,80925.60145304124,0.378011648,0.3090472104655464,
730,3.3232421875,0.0004447916666666667,80928.79561916494,0.383254528,0.32590795274411877,
740,3.6005859375,0.00044374999999999997,80925.26388862988,0.388497408,0.4116841750901797,
750,3.6064453125,0.0004427083333333333,80913.69293033077,0.393740288,0.2724188468257584,
760,4.376953125,0.00044166666666666665,80929.13535601406,0.398983168,0.313126937710292,
770,3.0830078125,0.000440625,80946.29940240522,0.404226048,0.35415953745442463,
780,4.361328125,0.00043958333333333333,80954.4124012549,0.409468928,0.32397468861390816,
790,4.26171875,0.00043854166666666667,80973.28554551644,0.414711808,0.30129027930666485,
800,4.455078125,0.0004375,80993.34048119764,0.419954688,0.40707467922959323,
800,,,,,,4.660714285714286
810,4.728515625,0.00043645833333333335,80945.73982888577,0.425197568,0.2837455048357369,
820,4.140625,0.0004354166666666667,80978.31701293612,0.430440448,0.3045789658105627,
830,4.2470703125,0.00043437500000000003,80991.54856184476,0.435683328,0.301993581838978,
840,4.166015625,0.00043333333333333337,81001.92667770169,0.440926208,0.3572994800194575,
850,4.3125,0.0004322916666666667,81007.25256468832,0.446169088,0.248941623206474,
860,3.8603515625,0.00043125000000000005,81013.01340070665,0.451411968,0.279459076439589,
870,3.896484375,0.00043020833333333333,81041.70803394524,0.456654848,0.2592664867157128,
880,4.244140625,0.0004291666666666667,81018.42558956274,0.461897728,0.2528442917785209,
890,4.802734375,0.000428125,81034.53509391696,0.467140608,0.2828507806840208,
900,4.0693359375,0.0004270833333333333,81052.3998831122,0.472383488,0.27470813430975216,
910,4.375,0.00042604166666666664,81059.52209125174,0.477626368,0.29108038897063454,
920,4.169921875,0.000425,81083.25426653975,0.482869248,0.19862595637874694,
930,4.48046875,0.0004239583333333333,81099.81235924891,0.488112128,0.3292642483918238,
940,4.60546875,0.00042291666666666666,81120.80246190986,0.493355008,0.24900478983929974,
950,3.8671875,0.000421875,81145.89645014779,0.498597888,0.2593952652348742,
960,3.9765625,0.00042083333333333333,81156.28855334695,0.503840768,0.24845399492444067,
970,4.57421875,0.0004197916666666667,81166.80840754787,0.509083648,0.34299963258088917,
980,4.029296875,0.00041875,80792.97628549674,0.514326528,0.3302970183127243,
990,4.1572265625,0.00041770833333333335,80810.29373739334,0.519569408,0.2684464189231252,
1000,4.123046875,0.0004166666666666667,80839.1390152108,0.524812288,0.2534316859186785,
1000,,,,,,4.450892857142857
1010,4.017578125,0.00041562500000000003,80844.29200428442,0.530055168,0.20127586385025423,
1020,4.0478515625,0.0004145833333333333,80870.27517745123,0.535298048,0.2073245237018992,
1030,3.4404296875,0.0004135416666666667,80881.66241063761,0.540540928,0.3174304127474597,
1040,4.232421875,0.0004125,80894.40508854706,0.545783808,0.33835398673659517,
1050,4.294921875,0.00041145833333333334,80913.77019674152,0.551026688,0.27099395733793435,
1060,4.072265625,0.0004104166666666667,80936.23025068095,0.556269568,0.26527851497550825,
1070,3.8251953125,0.000409375,80943.93572586321,0.561512448,0.23251887897836887,
1080,4.482421875,0.00040833333333333336,80969.56224464145,0.566755328,0.2778634393957013,
1090,4.03515625,0.0004072916666666667,80989.65886968821,0.571998208,0.20841188904383723,
1100,4.107421875,0.00040625000000000004,81005.04606081007,0.577241088,0.20980189222022122,
1110,4.189453125,0.0004052083333333333,81023.77309236937,0.582483968,0.25831618591706756,
1120,4.130859375,0.00040416666666666666,81033.24168474002,0.587726848,0.23323816453301283,
1130,4.06640625,0.000403125,81052.86065910256,0.592969728,0.24201682833264812,
1140,4.115234375,0.00040208333333333334,81065.66630175152,0.598212608,0.21950830793153353,
1150,4.26953125,0.0004010416666666667,81077.06569586028,0.603455488,0.24563688674797685,
1160,4.2265625,0.0004,81099.29821964315,0.608698368,0.2169711304781551,
1170,3.9482421875,0.0003989583333333333,81110.77090914168,0.613941248,0.33459071709863725,
1180,3.796875,0.0003979166666666667,81125.32074442871,0.619184128,0.24729175499653475,
1190,3.64453125,0.000396875,81139.6041059934,0.624427008,0.23039635895934968,
1200,3.837890625,0.0003958333333333333,81155.42064336226,0.629669888,0.24810474886117773,
1200,,,,,,4.337053571428571
1210,3.970703125,0.00039479166666666666,81161.52515001288,0.634912768,0.3706266834146003,
1220,3.9033203125,0.00039375,81170.3286284868,0.640155648,0.328871429304297,
1230,3.8896484375,0.00039270833333333334,81178.56776169232,0.645398528,0.25258403586754496,
1240,4.3984375,0.0003916666666666667,81192.05700331733,0.650641408,0.3102198683462529,
1250,4.2109375,0.000390625,80892.13102891087,0.655884288,0.19380832252582844,
1260,4.201171875,0.00038958333333333336,80910.48644530255,0.661127168,0.2915333239353569,
1270,4.1396484375,0.0003885416666666667,80924.24457950152,0.666370048,0.5481843007104933,
1280,3.90625,0.00038750000000000004,80935.48567448588,0.671612928,0.26383343101973133,
1290,4.06640625,0.0003864583333333334,80943.91927989101,0.676855808,0.22982035221275823,
1300,3.998046875,0.0003854166666666667,80957.65158164373,0.682098688,0.16319230284904063,
1310,4.03515625,0.000384375,80967.53557774119,0.687341568,0.23583886977353977,
1320,3.73046875,0.0003833333333333333,80958.07032061952,0.692584448,0.2724297932544644,
1330,3.978515625,0.0003822916666666667,80974.4086403157,0.697827328,0.2246878079181404,
1340,4.0390625,0.00038124999999999997,80975.86411599281,0.703070208,0.26881955153225773,
1350,3.521484375,0.0003802083333333333,80992.94172581594,0.708313088,0.28406737173348373,
1360,3.8466796875,0.00037916666666666665,81001.43078259006,0.713555968,0.23792104964403588,
1370,4.54296875,0.000378125,81005.44010503037,0.718798848,0.24593019040027567,
1380,4.0419921875,0.00037708333333333333,81023.17692379041,0.724041728,0.24779137470987342,
1390,3.9921875,0.00037604166666666667,81040.90816185523,0.729284608,0.2091730293688639,
1400,4.50390625,0.000375,81055.46286025528,0.734527488,0.27758136376430714,
1400,,,,,,4.243303571428571
1410,3.935546875,0.00037395833333333335,81060.916126752,0.739770368,0.22433429648481346,
1420,3.810546875,0.0003729166666666667,81079.98260557817,0.745013248,0.19416298765416273,
1430,3.7236328125,0.000371875,81085.13219997667,0.750256128,0.24323948026742132,
1440,3.34765625,0.00037083333333333337,81078.74333605742,0.755499008,0.24969211736316313,
1450,3.8671875,0.00036979166666666665,81090.02514419776,0.760741888,0.17644866773810242,
1460,3.6337890625,0.00036875000000000005,81094.46785672294,0.765984768,0.22554336859074922,
1470,3.6416015625,0.00036770833333333333,81103.22507963357,0.771227648,0.23552245082349302,
1480,3.869140625,0.0003666666666666667,81111.60797300571,0.776470528,0.23699138265244588,
1490,3.8955078125,0.000365625,81123.7008754196,0.781713408,0.21228942428842243,
1500,3.9296875,0.0003645833333333334,81132.93393378027,0.786956288,0.22805970020136992,
1510,4.0146484375,0.00036354166666666664,81140.95439262906,0.792199168,0.17742178760210497,
1520,4.056640625,0.0003625,81148.77141167267,0.797442048,0.2246967848536126,
1530,3.712890625,0.0003614583333333333,81148.2522041534,0.802684928,0.22118743480920866,
1540,4.025390625,0.00036041666666666665,81162.40839026205,0.807927808,0.21083126561455887,
1550,4.220703125,0.000359375,81164.83123149238,0.813170688,0.26618935261141974,
1560,3.6630859375,0.00035833333333333333,81180.41948408308,0.818413568,0.19236658402077722,
1570,3.654296875,0.0003572916666666667,81187.70487569924,0.823656448,0.25131848453089867,
1580,3.662109375,0.00035625,81195.99387001304,0.828899328,0.21768760318085786,
1590,3.69140625,0.00035520833333333335,81203.30219493335,0.834142208,0.19533511716769988,
1600,3.42578125,0.00035416666666666664,81207.4368660789,0.839385088,0.2357585445198881,
1600,,,,,,4.174107142857143
1610,3.9189453125,0.00035312500000000003,81220.09811593968,0.844627968,0.20619985962174697,
1620,3.41015625,0.0003520833333333333,81234.18149964091,0.849870848,0.2056268183563089,
1630,3.931640625,0.0003510416666666667,81248.08335701218,0.855113728,0.20022142306060017,
1640,3.8701171875,0.00035,81261.03109283639,0.860356608,0.21010418727143845,
1650,3.71484375,0.0003489583333333334,81268.95983376504,0.865599488,0.24502529053723854,
1660,3.736328125,0.0003479166666666667,81282.78360930759,0.870842368,0.15815606880981295,
1670,3.796875,0.000346875,81269.55180730122,0.876085248,0.21693922567082996,
1680,3.939453125,0.00034583333333333335,81283.8317017397,0.881328128,0.22082373757626522,
1690,3.8212890625,0.0003447916666666667,81290.5561607825,0.886571008,0.23817718369587368,
1700,3.65625,0.00034375,81287.62955478152,0.891813888,0.22664168450134037,
1710,3.6181640625,0.0003427083333333333,81296.01106662607,0.897056768,0.1955096911038864,
1720,3.916015625,0.00034166666666666666,81296.22681296962,0.902299648,0.24425264150213732,
1730,3.8671875,0.000340625,81308.66319592073,0.907542528,0.2165393288473215,
1740,4.158203125,0.00033958333333333334,81318.12820132282,0.912785408,0.18569685458872429,
1750,3.7783203125,0.0003385416666666666,81327.74770174913,0.918028288,0.19978896202487934,
1760,3.900390625,0.0003375,81341.54431151581,0.923271168,0.16955792905337508,
1770,3.8447265625,0.0003364583333333333,81348.90598911553,0.928514048,0.20926307771557362,
1780,4.1689453125,0.0003354166666666667,81350.50539522662,0.933756928,0.19938379983516089,
1790,3.9169921875,0.000334375,81355.35504976666,0.938999808,0.20724448388944275,
1800,3.80859375,0.0003333333333333334,81364.14157558078,0.944242688,0.20510988145040693,
1800,,,,,,4.111607142857143
1810,3.6611328125,0.00033229166666666666,81370.33308795447,0.949485568,0.22708448386340924,
1820,4.0341796875,0.00033125,81375.49708255437,0.954728448,0.22630287833135695,
1830,3.8828125,0.00033020833333333334,81381.04773562314,0.959971328,0.17908200909070104,
1840,3.859375,0.0003291666666666667,81390.40779440469,0.965214208,0.3367563289202537,
1850,3.8203125,0.000328125,81397.95379272476,0.970457088,0.3637097989015152,
1860,3.9560546875,0.00032708333333333336,81411.4034017979,0.975699968,0.25142239438665853,
1870,3.9609375,0.0003260416666666667,81420.3574754067,0.980942848,0.21240359548453036,
1880,3.154296875,0.00032500000000000004,81398.46832249207,0.986185728,0.24465460481539397,
1890,3.7509765625,0.0003239583333333334,81407.28072760574,0.991428608,0.3623652135717881,
1900,4.44921875,0.0003229166666666666,81413.75010919567,0.996671488,0.3556604984706777,
1910,3.955078125,0.000321875,81393.91140832126,1.001914368,0.31301102695307964,
1920,3.630859375,0.0003208333333333333,81406.08885697312,1.007157248,0.26650555832690154,
1930,3.8662109375,0.0003197916666666667,81414.50813014156,1.012400128,0.20737177460384945,
1940,3.0478515625,0.00031874999999999997,81419.96459226504,1.017643008,0.6348531172821077,
1950,3.744140625,0.00031770833333333336,81428.70072135483,1.022885888,0.2683589514410048,
1960,3.755859375,0.00031666666666666665,81435.49934102024,1.028128768,0.2347335079200718,
1970,3.724609375,0.000315625,81444.8112062901,1.033371648,0.5299826000328597,
1980,3.8427734375,0.00031458333333333333,81450.05826937227,1.038614528,0.2635243440542088,
1990,3.8525390625,0.00031354166666666667,81454.25987795056,1.043857408,0.24491568219726334,
2000,3.515625,0.0003125,81459.53742101365,1.049100288,0.25854877096297463,
2000,,,,,,4.080357142857143
2010,3.6455078125,0.00031145833333333335,81458.05633311912,1.054343168,0.2061436907302998,
2020,4.0703125,0.0003104166666666667,81468.48823783889,1.059586048,0.23522511531152124,
2030,3.7314453125,0.000309375,81475.37975955769,1.064828928,0.22888848486223334,
2040,3.9296875,0.00030833333333333337,81479.0399688971,1.070071808,0.2641493404951685,
2050,3.953125,0.00030729166666666665,81475.92891213782,1.075314688,0.2216432721102958,
2060,3.580078125,0.00030625000000000004,81476.7297429753,1.080557568,0.2969739253518324,
2070,3.736328125,0.00030520833333333333,81484.1650577755,1.085800448,0.345576849328943,
2080,4.41015625,0.0003041666666666667,81487.12515917713,1.091043328,0.2978240905210314,
2090,3.8447265625,0.000303125,81490.18531050622,1.096286208,0.3728901115816069,
2100,3.828125,0.0003020833333333334,81493.84833830067,1.101529088,0.22134190415712585,
2110,3.8876953125,0.00030104166666666663,81496.14682861636,1.106771968,0.2013225589053451,
2120,3.8349609375,0.0003,81502.71953482795,1.112014848,0.2086455763632939,
2130,3.71484375,0.0002989583333333333,81507.55653169828,1.117257728,0.20870389452814536,
2140,3.7314453125,0.00029791666666666665,81512.5026000231,1.122500608,0.2685730064457481,
2150,3.671875,0.000296875,81517.20702992889,1.127743488,0.2380031587845547,
2160,3.7744140625,0.00029583333333333333,81523.1385494151,1.132986368,0.22702523780687123,
2170,3.578125,0.00029479166666666667,81527.3768388525,1.138229248,0.2526004806910534,
2180,3.8818359375,0.00029375,81535.5298282284,1.143472128,0.2123343446944968,
2190,3.541015625,0.00029270833333333335,81539.53730369307,1.148715008,0.22303906072101684,
2200,3.9677734375,0.00029166666666666664,81502.91132549001,1.153957888,0.21994383098123318,
2200,,,,,,4.040178571428571
2210,3.7529296875,0.00029062500000000003,81508.37414537133,1.159200768,0.19824082100192017,
2220,3.662109375,0.0002895833333333333,81513.46918718354,1.164443648,0.2122371115914461,
2230,3.830078125,0.0002885416666666667,81520.7525321903,1.169686528,0.2583021840186892,
2240,3.509765625,0.0002875,81526.10231220075,1.174929408,0.19887406753663958,
2250,3.87109375,0.0002864583333333334,81532.14178631839,1.180172288,0.20063090588785035,
2260,3.7060546875,0.0002854166666666667,81540.22739478716,1.185415168,0.18982178934752605,
2270,3.5908203125,0.000284375,81540.32835736181,1.190658048,0.22283192216927103,
2280,3.634765625,0.00028333333333333335,81548.93746157145,1.195900928,0.22033367985317537,
2290,3.6708984375,0.0002822916666666667,81553.38218411068,1.201143808,0.22590247111896264,
2300,3.720703125,0.00028125000000000003,81554.74478299187,1.206386688,0.22661901937716591,
2310,3.484375,0.0002802083333333333,81563.37479119483,1.211629568,0.20089500189444573,
2320,3.65234375,0.00027916666666666666,81567.94390350733,1.216872448,0.23147753743253666,
2330,4.66015625,0.000278125,81569.82921629098,1.222115328,0.38600150497622226,
2340,3.4794921875,0.00027708333333333334,81572.28906235601,1.227358208,0.19498129879335968,
2350,3.83984375,0.0002760416666666666,81576.62896277527,1.232601088,0.18378182157117828,
2360,3.9599609375,0.000275,81584.98325324667,1.237843968,0.42672778869106176,
2370,3.708984375,0.0002739583333333333,81589.04429933248,1.243086848,0.20133495253338485,
2380,3.9072265625,0.0002729166666666667,81590.95790531642,1.248329728,0.22502826388279037,
2390,3.888671875,0.000271875,81598.93370813357,1.253572608,0.20518446961690048,
2400,4.203125,0.0002708333333333334,81607.28069177366,1.258815488,0.19603653466376417,
2400,,,,,,4.002232142857143
2410,3.697265625,0.00026979166666666666,81606.9987773828,1.264058368,0.2217734553474634,
2420,3.962890625,0.00026875,81612.78908431607,1.269301248,0.22350121608963908,
2430,3.435546875,0.00026770833333333334,81616.53241288514,1.274544128,0.20872803406308513,
2440,3.75390625,0.0002666666666666667,81620.75223505862,1.279787008,0.21894026552786683,
2450,3.6865234375,0.000265625,81626.81942945193,1.285029888,0.2047465390826298,
2460,3.6181640625,0.00026458333333333336,81631.48618699488,1.290272768,0.19831952699341765,
2470,4.1689453125,0.0002635416666666667,81635.48218955833,1.295515648,0.22653921691346035,
2480,3.7490234375,0.00026250000000000004,81644.08389937601,1.300758528,0.20928099014980286,
2490,3.802734375,0.0002614583333333334,81646.53337917199,1.306001408,0.2549587185171994,
2500,3.6181640625,0.0002604166666666666,81651.99141307126,1.311244288,0.23345830673389448,
2510,3.8046875,0.000259375,81653.47689308871,1.316487168,0.19299742351383697,
2520,3.732421875,0.0002583333333333333,81660.89458151093,1.321730048,0.20226511910942696,
2530,3.5,0.0002572916666666667,81662.06304320795,1.326972928,0.22361567987825337,
2540,3.7578125,0.00025624999999999997,81666.21831805572,1.332215808,0.22780953391343742,
2550,3.7666015625,0.00025520833333333336,81673.15557572898,1.337458688,0.19509643198660293,
2560,3.3115234375,0.00025416666666666665,81673.77197468026,1.342701568,0.20871429232703975,
2570,3.673828125,0.000253125,81678.0865487882,1.347944448,0.217600596043385,
2580,3.6572265625,0.0002520833333333333,81680.75389295974,1.353187328,0.19744877174058628,
2590,3.7783203125,0.00025104166666666667,81681.53689117737,1.358430208,0.2338373799387162,
2600,3.728515625,0.00025,81529.46177374039,1.363673088,0.3128838627835818,
2600,,,,,,3.9910714285714284
2610,3.66015625,0.00024895833333333334,81534.11015518974,1.368915968,0.27178322344131745,
2620,3.8759765625,0.0002479166666666667,81540.37276772528,1.374158848,0.21630723934835697,
2630,3.7529296875,0.000246875,81544.02358611109,1.379401728,0.22225090158165592,
2640,3.80078125,0.00024583333333333336,81548.86851499906,1.384644608,0.18455799430323522,
2650,3.8349609375,0.0002447916666666667,81554.93115059537,1.389887488,0.1854938483462831,
2660,3.630859375,0.00024375000000000002,81553.58974288942,1.395130368,0.24256165310388939,
2670,3.64453125,0.00024270833333333336,81559.5711036881,1.400373248,0.21898440158177873,
2680,3.7158203125,0.00024166666666666664,81561.8658928022,1.405616128,0.21519041000698766,
2690,3.4111328125,0.00024062499999999998,81566.56426228383,1.410859008,0.22706963870756405,
2700,3.755859375,0.00023958333333333332,81572.74454222899,1.416101888,0.20042059670161025,
2710,3.80078125,0.00023854166666666666,81573.90988922997,1.421344768,0.199068962283545,
2720,3.611328125,0.0002375,81435.08256849622,1.426587648,0.2271667171095976,
2730,3.6484375,0.00023645833333333334,81437.99674708745,1.431830528,0.19050178101648235,
2740,3.689453125,0.00023541666666666668,81446.31857031856,1.437073408,0.203622365006963,
2750,3.763671875,0.000234375,81450.72368344151,1.442316288,0.19954004088443617,
2760,4.046875,0.00023333333333333333,81456.15460163483,1.447559168,0.2264600090170446,
2770,3.7890625,0.00023229166666666667,81464.16321835193,1.452802048,0.22488528611046002,
2780,3.6591796875,0.00023125,81465.44118827027,1.458044928,0.17288301768676279,
2790,3.4765625,0.00023020833333333335,81469.31395403865,1.463287808,0.19671805861014527,
2800,3.7734375,0.0002291666666666667,81472.41097312057,1.468530688,0.2121780051131965,
2800,,,,,,3.953125
2810,3.517578125,0.00022812500000000003,81467.60208613647,1.473773568,0.17536982490693825,
2820,3.435546875,0.00022708333333333337,81471.73508850616,1.479016448,0.19669750539787983,
2830,3.6328125,0.00022604166666666665,81477.30468201141,1.484259328,0.22407381685673147,
2840,3.6171875,0.000225,81483.53849562978,1.489502208,0.24052226883648964,
2850,3.7451171875,0.0002239583333333333,81485.06758005075,1.494745088,0.17961434393509448,
2860,3.7802734375,0.00022291666666666665,81487.83549750238,1.499987968,0.20833288807165765,
2870,4.029296875,0.00022187499999999999,81490.42636279199,1.505230848,0.19628773429977844,
2880,3.7734375,0.00022083333333333333,81494.18329073722,1.510473728,0.16967117762214762,
2890,4.0439453125,0.00021979166666666666,81499.09641146882,1.515716608,0.25549706525710164,
2900,3.5361328125,0.00021875,81502.01242699538,1.520959488,0.20198867172149323,
2910,3.609375,0.00021770833333333334,81508.73405730125,1.526202368,0.21234936051632827,
2920,3.7900390625,0.00021666666666666668,81515.5810643381,1.531445248,0.19917833604708648,
2930,3.662109375,0.00021562500000000002,81520.33334408885,1.536688128,0.17380051069853125,
2940,3.8037109375,0.00021458333333333336,81523.68977302563,1.541931008,0.236415854431343,
2950,3.7666015625,0.0002135416666666667,81526.51446375284,1.547173888,0.2021797003642327,
2960,3.54296875,0.00021250000000000002,81529.51811922004,1.552416768,0.19319848543316104,
2970,3.515625,0.00021145833333333335,81532.62512924091,1.557659648,0.20911097930481637,
2980,3.7490234375,0.00021041666666666664,81538.95811579716,1.562902528,0.16185560578647407,
2990,3.6884765625,0.00020937499999999998,81544.06525820034,1.568145408,0.18441345463133865,
3000,3.599609375,0.00020833333333333332,81545.66914190001,1.573388288,0.19280247452242397,
3000,,,,,,3.9375
3010,3.5107421875,0.00020729166666666666,81546.39821828231,1.578631168,0.18679374385850148,
3020,3.8203125,0.00020625,81549.08486444126,1.583874048,0.20472810144379816,
3030,3.3544921875,0.00020520833333333334,81553.55739635977,1.589116928,0.187583518475336,
3040,3.5556640625,0.00020416666666666668,81558.07123118846,1.594359808,0.19427999192247455,
3050,3.4580078125,0.00020312500000000002,81563.42635345904,1.599602688,0.2255946447484954,
3060,3.6923828125,0.00020208333333333333,81567.00347771925,1.604845568,0.17885990207594432,
3070,3.7978515625,0.00020104166666666667,81573.6367410648,1.610088448,0.16816345786709894,
3080,3.6689453125,0.0002,81579.54322800362,1.615331328,0.18338372527919067,
3090,3.6650390625,0.00019895833333333335,81581.97921801318,1.620574208,0.24915343832373985,
3100,3.484375,0.0001979166666666667,81584.28318981033,1.625817088,0.23783011691780362,
3110,3.8486328125,0.00019687500000000003,81584.31603472267,1.631059968,0.18280545631983147,
3120,2.8408203125,0.00019583333333333337,81576.12959004675,1.636302848,0.25615546483678836,
3130,3.3759765625,0.00019479166666666665,81580.45120690145,1.641545728,0.19097341804404291,
3140,3.5556640625,0.00019375,81582.31028145962,1.646788608,0.18899068543122988,
3150,3.8291015625,0.0001927083333333333,81588.52110246957,1.652031488,0.177117740453886,
3160,3.8203125,0.00019166666666666665,81593.08675896998,1.657274368,0.183446697478778,
3170,3.6181640625,0.00019062499999999998,81596.65276465383,1.662517248,0.19206897299913264,
3180,3.6689453125,0.00018958333333333332,81602.75048821421,1.667760128,0.1989860136816095,
3190,3.7646484375,0.00018854166666666666,81605.25298526206,1.673003008,0.17991309463072697,
3200,3.6142578125,0.0001875,81609.26208683521,1.678245888,0.18832266172339476,
3200,,,,,,3.9129464285714284
3210,3.65625,0.00018645833333333334,81607.94447751284,1.683488768,0.17373492399581758,
3220,3.5537109375,0.00018541666666666668,81615.02470196734,1.688731648,0.14744751933751213,
3230,3.595703125,0.00018437500000000002,81615.79756317992,1.693974528,0.18918847121619614,
3240,3.51953125,0.00018333333333333336,81620.24418865406,1.699217408,0.17201064542205083,
3250,4.060546875,0.0001822916666666667,81624.45042699199,1.704460288,0.20857051817933608,
3260,3.439453125,0.00018125000000000001,81624.98690874194,1.709703168,0.20429091411324862,
3270,3.740234375,0.00018020833333333335,81629.70523281269,1.714946048,0.18988254444033983,
3280,3.3505859375,0.00017916666666666664,81633.80635422586,1.720188928,0.19068802925420406,
3290,3.5888671875,0.00017812499999999998,81637.61641552653,1.725431808,0.23186666443885495,
3300,3.9833984375,0.00017708333333333332,81640.46330181176,1.730674688,0.1867084515863311,
3310,3.4150390625,0.00017604166666666666,81642.88637645914,1.735917568,0.18067060852004344,
3320,3.53125,0.000175,81641.61238126268,1.741160448,0.17176174173757888,
3330,3.5029296875,0.00017395833333333334,81645.3966167076,1.746403328,0.17757472509253563,
3340,3.4951171875,0.00017291666666666668,81646.24714144312,1.751646208,0.15985741259131814,
3350,3.6015625,0.000171875,81649.20372237476,1.756889088,0.20197370943082898,
3360,3.755859375,0.00017083333333333333,81652.32790763814,1.762131968,0.1868714077887727,
3370,3.5771484375,0.00016979166666666667,81655.9222504072,1.767374848,0.26342491918673494,
3380,3.8017578125,0.00016875,81660.8559879452,1.772617728,0.1848772178753891,
3390,3.8017578125,0.00016770833333333335,81656.15629340714,1.777860608,0.21935459037411564,
3400,3.5732421875,0.0001666666666666667,81659.84742525306,1.783103488,0.19868941077530097,
3400,,,,,,3.908482142857143
3410,3.6259765625,0.00016562500000000003,81662.08201358982,1.788346368,0.17375598436839873,
3420,3.3837890625,0.00016458333333333337,81652.68850979596,1.793589248,0.15463127008841793,
3430,3.6708984375,0.00016354166666666665,81656.40776171244,1.798832128,0.18597695600461134,
3440,3.58984375,0.0001625,81653.44135875754,1.804075008,0.20249452054705525,
3450,3.5234375,0.0001614583333333333,81655.96942330242,1.809317888,0.22245172760260673,
3460,3.787109375,0.00016041666666666664,81661.39222952984,1.814560768,0.1990085755583234,
3470,3.3916015625,0.00015937499999999998,81663.80573765705,1.819803648,0.19027418716946984,
3480,3.6376953125,0.00015833333333333332,81666.05320946944,1.825046528,0.16692197899135108,
3490,3.4609375,0.00015729166666666666,81670.01607042797,1.830289408,0.25170104069138177,
3500,3.5400390625,0.00015625,81672.9167986095,1.835532288,0.19487697448328223,
3510,3.4462890625,0.00015520833333333334,81677.06994026981,1.840775168,0.19053668107360655,
3520,3.6279296875,0.00015416666666666668,81677.88843929184,1.846018048,0.16848747153693663,
3530,3.7294921875,0.00015312500000000002,81680.08092015555,1.851260928,0.18942515218317388,
3540,3.9560546875,0.00015208333333333336,81684.79558472859,1.856503808,0.1771937974319177,
3550,3.7724609375,0.0001510416666666667,81686.24199484361,1.861746688,0.16915589613162915,
3560,3.224609375,0.00015000000000000001,81689.81654293793,1.866989568,0.18711493000014653,
3570,3.716796875,0.00014895833333333335,81692.48933845817,1.872232448,0.17782586081083598,
3580,3.3984375,0.00014791666666666664,81694.36216769664,1.877475328,0.17433326734019355,
3590,3.7041015625,0.00014687499999999998,81698.9318123595,1.882718208,0.16332408175926372,
3600,3.609375,0.00014583333333333332,81701.44308517975,1.887961088,0.19023782820079574,
3600,,,,,,3.8839285714285716
3610,3.619140625,0.00014479166666666666,81701.66716279274,1.893203968,0.20606911850444873,
3620,3.744140625,0.00014375,81704.2912332946,1.898446848,0.1723809834461483,
3630,3.6240234375,0.00014270833333333334,81705.98156504496,1.903689728,0.148545037502104,
3640,3.484375,0.00014166666666666668,81709.4921815626,1.908932608,0.17532891966899522,
3650,3.5478515625,0.00014062500000000002,81711.5150702707,1.914175488,0.171221515864622,
3660,3.7958984375,0.00013958333333333333,81714.47109366285,1.919418368,0.1813154713587516,
3670,3.705078125,0.00013854166666666667,81716.78117272473,1.924661248,0.21238600180787398,
3680,3.4189453125,0.0001375,81721.67368645362,1.929904128,0.2029174252485692,
3690,3.7783203125,0.00013645833333333335,81726.01880097624,1.935147008,0.21154447565298926,
3700,2.87890625,0.0001354166666666667,81724.99729713854,1.940389888,0.20103997333138368,
3710,3.9267578125,0.00013437500000000003,81622.21422827609,1.945632768,0.22586424418300916,
3720,3.6767578125,0.00013333333333333337,81629.12203154858,1.950875648,0.18060422697640563,
3730,3.306640625,0.00013229166666666665,81626.55420867867,1.956118528,0.19613770104043074,
3740,3.1142578125,0.00013125,81626.46610498698,1.961361408,0.2051560704528135,
3750,3.5947265625,0.0001302083333333333,81630.63780533327,1.966604288,0.17541206391596345,
3760,3.619140625,0.00012916666666666664,81635.59905968938,1.971847168,0.15723224637462666,
3770,3.4931640625,0.00012812499999999998,81640.32016644123,1.977090048,0.16363073119125837,
3780,3.521484375,0.00012708333333333332,81642.9293121506,1.982332928,0.14507836823402132,
3790,3.66796875,0.00012604166666666666,81646.57810780696,1.987575808,0.18834718267602768,
3800,3.6083984375,0.000125,81651.4957746398,1.992818688,0.17150743504537858,
3800,,,,,,3.8794642857142856
3810,3.28125,0.00012395833333333334,81644.52234634124,1.998061568,0.16588209760014927,
3820,3.4013671875,0.00012291666666666668,81647.61782502395,2.003304448,0.1870738400324497,
3830,3.4775390625,0.00012187500000000001,81651.79474470469,2.008547328,0.18902266346861735,
3840,3.4560546875,0.00012083333333333335,81656.41475544185,2.013790208,0.1703925138616202,
3850,3.4873046875,0.00011979166666666669,81660.61169393896,2.019033088,0.16603955167549828,
3860,3.466796875,0.00011875000000000003,81662.16540572068,2.024275968,0.16511930606094477,
3870,3.2490234375,0.00011770833333333337,81665.95316457034,2.029518848,0.1689773251919119,
3880,3.4267578125,0.00011666666666666664,81669.38822745543,2.034761728,0.18942584026746817,
3890,3.529296875,0.00011562499999999998,81670.92182771866,2.040004608,0.17719836574980227,
3900,3.609375,0.00011458333333333332,81673.3820999439,2.045247488,0.14794382322945823,
3910,3.2998046875,0.00011354166666666666,81675.85212563322,2.050490368,0.18086589473002784,
3920,3.71484375,0.0001125,81678.21803284848,2.055733248,0.2037019476569996,
3930,3.3740234375,0.00011145833333333332,81681.26199287787,2.060976128,0.2545094298220222,
3940,3.478515625,0.00011041666666666666,81684.68963508542,2.066219008,0.1791347566112117,
3950,3.7890625,0.000109375,81688.47058684494,2.071461888,0.17519031064141452,
3960,3.9130859375,0.00010833333333333334,81690.09537533774,2.076704768,0.1621301337767767,
3970,2.1689453125,0.00010729166666666668,81693.42404471843,2.081947648,0.6562236289744348,
3980,3.5419921875,0.00010625000000000001,81696.43363375713,2.087190528,0.1648948704291104,
3990,3.6865234375,0.00010520833333333335,81699.42158680894,2.092433408,0.1475868153752024,
4000,3.8515625,0.00010416666666666669,81702.1043588244,2.097676288,0.17319928114175917,
4000,,,,,,3.859375
4010,3.6123046875,0.00010312500000000003,81704.85048151988,2.102919168,0.16716571761378468,
4020,3.498046875,0.00010208333333333337,81705.21045180841,2.108162048,0.17914808916506295,
4030,3.59375,0.00010104166666666664,81710.96503675953,2.113404928,0.15892478771508042,
4040,3.62109375,9.999999999999998e-05,81713.53957644159,2.118647808,0.16000997412655996,
4050,3.669921875,9.895833333333332e-05,81715.19829326484,2.123890688,0.15675643191684327,
4060,3.642578125,9.791666666666666e-05,81718.8708491587,2.129133568,0.16242873062747037,
4070,3.5986328125,9.6875e-05,81718.28302965472,2.134376448,0.2056707961187314,
4080,3.220703125,9.583333333333332e-05,81722.1874051525,2.139619328,0.2511789912214536,
4090,3.6943359375,9.479166666666666e-05,81725.0771421233,2.144862208,0.17820684248719193,
4100,3.576171875,9.375e-05,81728.92667559558,2.150105088,0.18075309318707172,
4110,3.3505859375,9.270833333333334e-05,81731.82024266617,2.155347968,0.1713808412289971,
4120,3.3798828125,9.166666666666668e-05,81734.0277960269,2.160590848,0.16281318238050183,
4130,4.33203125,9.062500000000001e-05,81738.67642890166,2.165833728,0.19301168231551386,
4140,3.4853515625,8.958333333333335e-05,81742.89603047892,2.171076608,0.14015180213922568,
4150,3.837890625,8.854166666666669e-05,81744.06148853428,2.176319488,0.16506486206724807,
4160,3.095703125,8.750000000000003e-05,81746.01679740618,2.181562368,0.19677513228612145,
4170,3.537109375,8.645833333333337e-05,81748.59763010645,2.186805248,0.19648097419101193,
4180,3.396484375,8.541666666666664e-05,81753.07205297261,2.192048128,0.18110798951472548,
4190,3.6640625,8.437499999999998e-05,81758.1326201396,2.197291008,0.16212815730809985,
4200,3.7333984375,8.333333333333332e-05,81761.41308773005,2.202533888,0.18011161137670356,
4200,,,,,,3.857142857142857
4210,3.4609375,8.229166666666666e-05,81762.77563521115,2.207776768,0.1496112701344803,
4220,3.42578125,8.125e-05,81763.1249142241,2.213019648,0.1615094011356262,
4230,3.443359375,8.020833333333332e-05,81766.57899409582,2.218262528,0.16203701693973985,
4240,3.30859375,7.916666666666666e-05,81770.35042510914,2.223505408,0.16490965900765706,
4250,4.1689453125,7.8125e-05,81774.08716173215,2.228748288,0.19678977843159573,
4260,3.6318359375,7.708333333333334e-05,81775.59303276024,2.233991168,0.15867191831202396,
4270,3.1767578125,7.604166666666668e-05,81778.49352071871,2.239234048,0.16014104135947785,
4280,3.51171875,7.500000000000001e-05,81780.92325356214,2.244476928,0.14108480730475517,
4290,3.5478515625,7.395833333333335e-05,81784.21019048327,2.249719808,0.2002165657430665,
4300,3.4990234375,7.291666666666669e-05,81787.66940734186,2.254962688,0.22052814588010705,
4310,3.470703125,7.187500000000003e-05,81789.78052049778,2.260205568,0.13806513515636987,
4320,3.7626953125,7.083333333333337e-05,81793.50149629198,2.265448448,0.16027390520388984,
4330,3.2333984375,6.979166666666664e-05,81795.90444340694,2.270691328,0.15374951688904318,
4340,3.498046875,6.874999999999998e-05,81797.562629007,2.275934208,0.17921509378760875,
4350,3.5654296875,6.770833333333332e-05,81801.81943673769,2.281177088,0.17192947762432712,
4360,3.6474609375,6.666666666666666e-05,81802.38137593732,2.286419968,0.16384957771141204,
4370,3.3818359375,6.5625e-05,81806.72180320682,2.291662848,0.16188511675601033,
4380,3.5849609375,6.458333333333332e-05,81809.38540395992,2.296905728,0.16678744733317888,
4390,3.765625,6.354166666666666e-05,81810.75579224793,2.302148608,0.259148888256891,
4400,3.4638671875,6.25e-05,81813.81343762306,2.307391488,0.24662094997851702,
4400,,,,,,3.8482142857142856
4410,3.5078125,6.145833333333334e-05,81814.3188972457,2.312634368,0.25190300289718215,
4420,3.587890625,6.0416666666666674e-05,81818.91370656507,2.317877248,0.14878701435899508,
4430,3.5830078125,5.9375000000000013e-05,81821.78765482653,2.323120128,0.14681164553762202,
4440,3.5888671875,5.8333333333333346e-05,81823.95120619005,2.328363008,0.16904253528802968,
4450,3.544921875,5.7291666666666686e-05,81827.01018979202,2.333605888,0.12490722372976482,
4460,3.4345703125,5.6250000000000026e-05,81826.87119402028,2.338848768,0.17360167105600252,
4470,3.4345703125,5.520833333333336e-05,81831.39386152248,2.344091648,0.15912921000205982,
4480,3.7744140625,5.4166666666666644e-05,81832.41667147075,2.349334528,0.1619432943896239,
4490,3.5888671875,5.312499999999998e-05,81834.9625300012,2.354577408,0.1566498329493281,
4500,3.4541015625,5.2083333333333316e-05,81838.48557861043,2.359820288,0.15762745712689238,
4510,3.498046875,5.1041666666666656e-05,81840.1445555731,2.365063168,0.1408367561539032,
4520,3.685546875,4.999999999999999e-05,81841.89173545172,2.370306048,0.1903158042030362,
4530,3.1875,4.895833333333333e-05,81842.55115065773,2.375548928,0.14272767621704732,
4540,3.4267578125,4.791666666666666e-05,81844.24154143788,2.380791808,0.1760184396127437,
4550,3.3876953125,4.6875e-05,81846.87362363195,2.386034688,0.14380763236089147,
4560,3.5830078125,4.583333333333334e-05,81843.20519137631,2.391277568,0.1823521615321351,
4570,3.7470703125,4.4791666666666673e-05,81756.10747128162,2.396520448,0.1757337496336255,
4580,3.4951171875,4.375000000000001e-05,81759.2897345755,2.401763328,0.1483611740086817,
4590,3.6328125,4.2708333333333346e-05,81761.14308894223,2.407006208,0.132434785810715,
4600,3.423828125,4.1666666666666686e-05,81764.01452011721,2.412249088,0.16420682377726473,
4600,,,,,,3.8482142857142856
4610,3.1005859375,4.0625000000000025e-05,81759.34575468017,2.417491968,0.16870333828519815,
4620,3.4345703125,3.958333333333336e-05,81762.53401022639,2.422734848,0.17445762519356958,
4630,3.50390625,3.8541666666666644e-05,81762.50673214796,2.427977728,0.15149376420153074,
4640,3.7119140625,3.7499999999999976e-05,81765.76417977091,2.433220608,0.13932483305386412,
4650,3.7978515625,3.6458333333333316e-05,81765.5324037628,2.438463488,0.14429235121550055,
4660,3.2353515625,3.5416666666666656e-05,81768.75782255759,2.443706368,0.16388186297533908,
4670,3.4619140625,3.437499999999999e-05,81771.1176387752,2.448949248,0.14406476391353068,
4680,3.3447265625,3.333333333333333e-05,81774.72589471134,2.454192128,0.2203678834253748,
4690,3.6171875,3.229166666666666e-05,81778.57898418135,2.459435008,0.15398606162178594,
4700,3.60546875,3.125e-05,81779.29380941235,2.464677888,0.15434243009988521,
4710,3.4609375,3.0208333333333337e-05,81784.08913015458,2.469920768,0.13499118232269514,
4720,3.6201171875,2.9166666666666673e-05,81784.92051453447,2.475163648,0.1525111845543089,
4730,3.2431640625,2.8125000000000013e-05,81784.38307970023,2.480406528,0.149645088256105,
4740,3.5380859375,2.708333333333335e-05,81789.38757701941,2.485649408,0.13075352165649523,
4750,3.720703125,2.6041666666666685e-05,81789.51031650332,2.490892288,0.12099871116015119,
4760,3.7705078125,2.500000000000002e-05,81791.91506576152,2.496135168,0.15368179157873804,
4770,3.4931640625,2.395833333333336e-05,81793.74663292161,2.501378048,0.31537316925220554,
4780,3.61328125,2.291666666666664e-05,81796.75696529489,2.506620928,0.13143267300719436,
4790,3.7490234375,2.187499999999998e-05,81799.49850155228,2.511863808,0.13954860864078775,
4800,3.7724609375,2.0833333333333316e-05,81801.99761306829,2.517106688,0.1472597537143145,
4800,,,,,,3.845982142857143
4810,3.5810546875,1.9791666666666652e-05,81802.79431854,2.522349568,0.15218351599688593,
4820,3.689453125,1.8749999999999988e-05,81804.57310785235,2.527592448,0.14970797640307265,
4830,3.6669921875,1.7708333333333328e-05,81807.64133404566,2.532835328,0.1939263923359215,
4840,3.791015625,1.6666666666666664e-05,81807.74539389183,2.538078208,0.14463493774477426,
4850,3.6611328125,1.5625e-05,81809.56103939432,2.543321088,0.15706114614572073,
4860,3.537109375,1.4583333333333337e-05,81812.72732800418,2.548563968,0.14983500991199825,
4870,3.5830078125,1.3541666666666675e-05,81814.32295103732,2.553806848,0.12855838430662123,
4880,4.08203125,1.250000000000001e-05,81815.90133809793,2.559049728,0.23455906721401107,
4890,3.6298828125,1.1458333333333349e-05,81818.0059831206,2.564292608,0.14909206853049267,
4900,3.46875,1.0416666666666685e-05,81820.05468720554,2.569535488,0.13806158308824512,
4910,3.5517578125,9.375000000000023e-06,81820.12600388542,2.574778368,0.15137218850920492,
4920,3.35546875,8.333333333333359e-06,81822.56120391712,2.580021248,0.14026554809926772,
4930,3.7919921875,7.291666666666641e-06,81823.86069156225,2.585264128,0.14284439531893137,
4940,3.2841796875,6.249999999999978e-06,81817.1165383481,2.590507008,0.16224465279864103,
4950,3.3935546875,5.2083333333333145e-06,81814.18421834185,2.595749888,0.15612438706808113,
4960,3.525390625,4.166666666666652e-06,81817.25783104196,2.600992768,0.18213186012158117,
4970,3.806640625,3.124999999999989e-06,81817.65285311446,2.606235648,0.21575402009523187,
4980,3.6728515625,2.083333333333326e-06,81821.9317412576,2.611478528,0.22973711012188155,
4990,3.4150390625,1.041666666666663e-06,81825.17685831802,2.616721408,0.13576047711239328,
