step,nll
0,11.63671875
10,11.5234375
20,11.169921875
30,10.466796875
40,10.158203125
50,9.609375
60,8.81640625
70,8.458984375
80,7.7060546875
90,7.4248046875
100,7.1572265625
110,7.060546875
120,7.279296875
130,6.5439453125
140,6.7353515625
150,6.0986328125
160,6.099609375
170,5.9912109375
180,5.99609375
190,6.0947265625
200,5.826171875
210,5.7568359375
220,5.96484375
230,5.6689453125
240,5.982421875
250,5.7216796875
260,5.765625
270,5.14453125
280,5.6259765625
290,5.3349609375
300,5.3828125
310,5.4248046875
320,5.4833984375
330,5.3056640625
340,5.3447265625
350,5.515625
360,5.8271484375
370,4.98046875
380,5.2353515625
390,5.48046875
400,5.40234375
410,5.1123046875
420,5.2197265625
430,5.4443359375
440,4.8603515625
450,5.267578125
460,4.9912109375
470,4.7119140625
480,4.734375
490,4.533203125
500,4.97265625
510,5.1162109375
520,5.0859375
530,5.0205078125
540,5.2724609375
550,4.748046875
560,5.1865234375
570,4.763671875
580,4.73828125
590,4.82421875
600,4.798828125
610,4.8134765625
620,4.8544921875
630,4.5478515625
640,4.7021484375
650,4.9501953125
660,4.5703125
670,4.5205078125
680,5.3203125
690,4.5966796875
700,4.7646484375
710,5.2275390625
720,4.720703125
730,5.044921875
740,4.8251953125
750,4.79296875
760,5.095703125
770,4.6474609375
780,4.666015625
790,4.8466796875
800,4.896484375
810,4.724609375
820,5.013671875
830,5.46435546875
840,4.34375
850,4.8984375
860,4.7431640625
870,5.0224609375
880,4.650390625
890,4.47607421875
900,4.5849609375
910,4.638671875
920,4.7392578125
930,4.7392578125
940,4.767578125
950,4.8212890625
960,4.8203125
970,4.58447265625
980,4.5966796875
990,4.662109375
