method,split,arm,units_removed,total_units,unit_fraction,grammar_accuracy,grammar_low,grammar_high,ioi_accuracy,ioi_low,ioi_high,retain_nll
predictor,heldout,base,3773,3773,1.0,0.9764150943396226,0.9574292452830189,0.9952830188679245,0.4566929133858268,0.4251968503937008,0.4881889763779528,4.548658125398867
predictor,heldout,adapted,0,3773,0.0,0.0,0.0,0.0,1.0,1.0,1.0,4.61652866956241
predictor,heldout,sva_19,19,3773,0.005035780545984627,0.3160377358490566,0.2688679245283019,0.3632075471698113,0.9960629921259843,0.9881889763779528,1.0,4.60711781624075
predictor,heldout,sva_38,38,3773,0.010071561091969255,0.7169811320754716,0.6650943396226415,0.7641509433962265,0.9960629921259843,0.9881889763779528,1.0,4.603392118168583
predictor,heldout,sva_75,75,3773,0.0198780811025709,0.9056603773584906,0.8679245283018868,0.9433962264150944,0.9960629921259843,0.9881889763779528,1.0,4.600095535055251
predictor,heldout,sva_189,189,3773,0.05009276437847866,0.9481132075471698,0.9198113207547169,0.9764150943396226,0.9921259842519685,0.9803149606299213,1.0,4.596937490465262
predictor,heldout,sva_377,377,3773,0.09992048767558971,0.9669811320754716,0.9386792452830188,0.9858490566037735,0.9330708661417323,0.9015748031496063,0.9606299212598425,4.590712341307804
predictor,heldout,ioi_19,19,3773,0.005035780545984627,0.0,0.0,0.0,0.889763779527559,0.8503937007874016,0.9251968503937008,4.614528860046428
predictor,heldout,ioi_38,38,3773,0.010071561091969255,0.009433962264150943,0.0,0.02358490566037736,0.8858267716535433,0.8464566929133859,0.9212598425196851,4.603556522248314
predictor,heldout,ioi_75,75,3773,0.0198780811025709,0.0047169811320754715,0.0,0.014150943396226415,0.8622047244094488,0.8228346456692913,0.8977362204724404,4.597524553315478
predictor,heldout,ioi_189,189,3773,0.05009276437847866,0.18867924528301888,0.14150943396226415,0.2358490566037736,0.8070866141732284,0.7637795275590551,0.8464566929133859,4.587851895767068
predictor,heldout,ioi_377,377,3773,0.09992048767558971,0.330188679245283,0.2783018867924528,0.38207547169811323,0.7283464566929134,0.6889763779527559,0.7716535433070866,4.58140527251838
predictor,heldout,random_19_0,19,3773,0.005035780545984627,0.0,0.0,0.0,1.0,1.0,1.0,4.61708055723627
predictor,heldout,random_19_1,19,3773,0.005035780545984627,0.0,0.0,0.0,1.0,1.0,1.0,4.617373407644452
predictor,heldout,random_19_2,19,3773,0.005035780545984627,0.0,0.0,0.0,1.0,1.0,1.0,4.613409545227406
predictor,heldout,random_38_0,38,3773,0.010071561091969255,0.0,0.0,0.0,1.0,1.0,1.0,4.606298566090761
predictor,heldout,random_38_1,38,3773,0.010071561091969255,0.0,0.0,0.0,1.0,1.0,1.0,4.618097413756115
predictor,heldout,random_38_2,38,3773,0.010071561091969255,0.0,0.0,0.0,1.0,1.0,1.0,4.616493429656691
predictor,heldout,random_75_0,75,3773,0.0198780811025709,0.0047169811320754715,0.0,0.014150943396226415,1.0,1.0,1.0,4.618271372059047
predictor,heldout,random_75_1,75,3773,0.0198780811025709,0.0,0.0,0.0,1.0,1.0,1.0,4.614706189836103
predictor,heldout,random_75_2,75,3773,0.0198780811025709,0.0,0.0,0.0,1.0,1.0,1.0,4.616493033027415
predictor,heldout,random_189_0,189,3773,0.05009276437847866,0.0,0.0,0.0,1.0,1.0,1.0,4.597925874131034
predictor,heldout,random_189_1,189,3773,0.05009276437847866,0.018867924528301886,0.0047169811320754715,0.03773584905660377,1.0,1.0,1.0,4.5995084275548965
predictor,heldout,random_189_2,189,3773,0.05009276437847866,0.0047169811320754715,0.0,0.014150943396226415,0.9960629921259843,0.9881889763779528,1.0,4.587825619122752
predictor,heldout,random_377_0,377,3773,0.09992048767558971,0.0047169811320754715,0.0,0.014150943396226415,0.9960629921259843,0.9881889763779528,1.0,4.611267847961138
predictor,heldout,random_377_1,377,3773,0.09992048767558971,0.014150943396226415,0.0,0.0330188679245283,1.0,1.0,1.0,4.60489274902871
predictor,heldout,random_377_2,377,3773,0.09992048767558971,0.0047169811320754715,0.0,0.014150943396226415,1.0,1.0,1.0,4.599343612132391
predictor,heldout,matched_sva_75_0,75,3773,0.0198780811025709,0.37264150943396224,0.32547169811320753,0.419811320754717,0.9960629921259843,0.9881889763779528,1.0,4.594112592550536
predictor,heldout,matched_sva_75_1,75,3773,0.0198780811025709,0.14150943396226415,0.09905660377358491,0.18408018867924464,1.0,1.0,1.0,4.611442016369806
predictor,heldout,matched_sva_75_2,75,3773,0.0198780811025709,0.10849056603773585,0.07075471698113207,0.1509433962264151,0.9960629921259843,0.9881889763779528,1.0,4.593073621287096
predictor,heldout,matched_sva_189_0,189,3773,0.05009276437847866,0.3867924528301887,0.3443396226415094,0.42452830188679247,0.9960629921259843,0.9881889763779528,1.0,4.607344178084966
predictor,heldout,matched_sva_189_1,189,3773,0.05009276437847866,0.36792452830188677,0.32075471698113206,0.41037735849056606,0.984251968503937,0.968503937007874,0.9960629921259843,4.571470376149678
predictor,heldout,matched_sva_189_2,189,3773,0.05009276437847866,0.4009433962264151,0.35377358490566035,0.4481132075471698,0.9921259842519685,0.9803149606299213,1.0,4.583414748139905
predictor,heldout,matched_ioi_75_0,75,3773,0.0198780811025709,0.0,0.0,0.0,1.0,1.0,1.0,4.597610166571537
predictor,heldout,matched_ioi_75_1,75,3773,0.0198780811025709,0.0047169811320754715,0.0,0.014150943396226415,1.0,1.0,1.0,4.585032873761541
predictor,heldout,matched_ioi_75_2,75,3773,0.0198780811025709,0.0,0.0,0.0,1.0,1.0,1.0,4.58478557541303
predictor,heldout,matched_ioi_189_0,189,3773,0.05009276437847866,0.09905660377358491,0.06132075471698113,0.14150943396226415,0.9960629921259843,0.9881889763779528,1.0,4.589747433399335
predictor,heldout,matched_ioi_189_1,189,3773,0.05009276437847866,0.16037735849056603,0.1179245283018868,0.20754716981132076,1.0,1.0,1.0,4.5820754693539225
predictor,heldout,matched_ioi_189_2,189,3773,0.05009276437847866,0.04245283018867924,0.018867924528301886,0.07075471698113207,0.9881889763779528,0.9724409448818898,1.0,4.565813452625852
predictor,transfer,base,3773,3773,1.0,0.9947916666666666,0.984375,1.0,0.40625,0.3645833333333333,0.4427083333333333,4.339113135789098
predictor,transfer,adapted,0,3773,0.0,0.005208333333333333,0.0,0.015625,0.9322916666666666,0.8958333333333334,0.9635416666666666,4.353049581599083
predictor,transfer,sva_19,19,3773,0.005035780545984627,0.4114583333333333,0.3489583333333333,0.4739583333333333,0.921875,0.8854166666666666,0.9583333333333334,4.360166525264609
predictor,transfer,sva_38,38,3773,0.010071561091969255,0.8697916666666666,0.828125,0.9114583333333334,0.8854166666666666,0.84375,0.9270833333333334,4.350080650110207
predictor,transfer,sva_75,75,3773,0.0198780811025709,0.9479166666666666,0.9166666666666666,0.9739583333333334,0.8854166666666666,0.84375,0.9270833333333334,4.345380835012801
predictor,transfer,sva_189,189,3773,0.05009276437847866,0.953125,0.921875,0.9791666666666666,0.8541666666666666,0.8072916666666666,0.8958333333333334,4.35158938846311
predictor,transfer,sva_377,377,3773,0.09992048767558971,0.9583333333333334,0.9270833333333334,0.984375,0.7291666666666666,0.6822916666666666,0.7761718749999993,4.34395708791834
predictor,transfer,ioi_19,19,3773,0.005035780545984627,0.005208333333333333,0.0,0.015625,0.796875,0.75,0.84375,4.3482700029349965
predictor,transfer,ioi_38,38,3773,0.010071561091969255,0.026041666666666668,0.005208333333333333,0.046875,0.7760416666666666,0.7239583333333334,0.828125,4.340671407150415
predictor,transfer,ioi_75,75,3773,0.0198780811025709,0.010416666666666666,0.0,0.026041666666666668,0.796875,0.7447916666666666,0.84375,4.353986488211702
predictor,transfer,ioi_189,189,3773,0.05009276437847866,0.25,0.203125,0.3020833333333333,0.7083333333333334,0.6614583333333334,0.7552083333333334,4.34425384435831
predictor,transfer,ioi_377,377,3773,0.09992048767558971,0.4895833333333333,0.4375,0.546875,0.6510416666666666,0.6041666666666666,0.6980468749999993,4.335994231948544
predictor,transfer,random_19_0,19,3773,0.005035780545984627,0.005208333333333333,0.0,0.015625,0.921875,0.8854166666666666,0.9583333333333334,4.35037993745455
predictor,transfer,random_19_1,19,3773,0.005035780545984627,0.005208333333333333,0.0,0.015625,0.9322916666666666,0.8958333333333334,0.9635416666666666,4.35760411720469
predictor,transfer,random_19_2,19,3773,0.005035780545984627,0.010416666666666666,0.0,0.026041666666666668,0.9166666666666666,0.8802083333333334,0.953125,4.350346177700823
predictor,transfer,random_38_0,38,3773,0.010071561091969255,0.005208333333333333,0.0,0.015625,0.9635416666666666,0.9375,0.9895833333333334,4.348579798809281
predictor,transfer,random_38_1,38,3773,0.010071561091969255,0.005208333333333333,0.0,0.015625,0.9270833333333334,0.890625,0.9583333333333334,4.35481357482657
predictor,transfer,random_38_2,38,3773,0.010071561091969255,0.005208333333333333,0.0,0.015625,0.9270833333333334,0.890625,0.9583333333333334,4.352104550024184
predictor,transfer,random_75_0,75,3773,0.0198780811025709,0.0,0.0,0.0,0.90625,0.8645833333333334,0.9427083333333334,4.354302052346934
predictor,transfer,random_75_1,75,3773,0.0198780811025709,0.0,0.0,0.0,0.9270833333333334,0.890625,0.9583333333333334,4.357049470954067
predictor,transfer,random_75_2,75,3773,0.0198780811025709,0.005208333333333333,0.0,0.015625,0.9114583333333334,0.875,0.9479166666666666,4.353521193287364
predictor,transfer,random_189_0,189,3773,0.05009276437847866,0.005208333333333333,0.0,0.015625,0.9375,0.9010416666666666,0.96875,4.348809339691405
predictor,transfer,random_189_1,189,3773,0.05009276437847866,0.041666666666666664,0.015625,0.06770833333333333,0.890625,0.8489583333333334,0.9322916666666666,4.348509418541904
predictor,transfer,random_189_2,189,3773,0.05009276437847866,0.015625,0.0,0.03125,0.9166666666666666,0.8802083333333334,0.953125,4.364308236932424
predictor,transfer,random_377_0,377,3773,0.09992048767558971,0.015625,0.0,0.036458333333333336,0.9114583333333334,0.8697916666666666,0.9479166666666666,4.361958372207132
predictor,transfer,random_377_1,377,3773,0.09992048767558971,0.03125,0.010416666666666666,0.057291666666666664,0.890625,0.8489583333333334,0.9322916666666666,4.352584304959711
predictor,transfer,random_377_2,377,3773,0.09992048767558971,0.07291666666666667,0.036458333333333336,0.109375,0.9270833333333334,0.890625,0.9583333333333334,4.3371741366709555
predictor,transfer,matched_sva_75_0,75,3773,0.0198780811025709,0.421875,0.375,0.46875,0.9322916666666666,0.8958333333333334,0.9635416666666666,4.353039455670143
predictor,transfer,matched_sva_75_1,75,3773,0.0198780811025709,0.22916666666666666,0.18229166666666666,0.28125,0.921875,0.8854166666666666,0.9583333333333334,4.354784144048975
predictor,transfer,matched_sva_75_2,75,3773,0.0198780811025709,0.140625,0.09375,0.1875,0.890625,0.8489583333333334,0.9322916666666666,4.343980016060681
predictor,transfer,matched_sva_189_0,189,3773,0.05009276437847866,0.4166666666666667,0.380078125,0.453125,0.890625,0.8489583333333334,0.9270833333333334,4.352527839000845
predictor,transfer,matched_sva_189_1,189,3773,0.05009276437847866,0.4166666666666667,0.375,0.453125,0.8645833333333334,0.8229166666666666,0.90625,4.347801746159975
predictor,transfer,matched_sva_189_2,189,3773,0.05009276437847866,0.453125,0.40625,0.5,0.84375,0.796875,0.8854166666666666,4.3532262642861514
predictor,transfer,matched_ioi_75_0,75,3773,0.0198780811025709,0.010416666666666666,0.0,0.026041666666666668,0.9010416666666666,0.859375,0.9375,4.358871561563715
predictor,transfer,matched_ioi_75_1,75,3773,0.0198780811025709,0.015625,0.0,0.036458333333333336,0.8802083333333334,0.8385416666666666,0.921875,4.354484776609337
predictor,transfer,matched_ioi_75_2,75,3773,0.0198780811025709,0.020833333333333332,0.005208333333333333,0.041666666666666664,0.9270833333333334,0.890625,0.9583333333333334,4.353225618883206
predictor,transfer,matched_ioi_189_0,189,3773,0.05009276437847866,0.09375,0.057291666666666664,0.13541666666666666,0.96875,0.9427083333333334,0.9895833333333334,4.364287090855086
predictor,transfer,matched_ioi_189_1,189,3773,0.05009276437847866,0.11458333333333333,0.07291666666666667,0.15625,0.9427083333333334,0.9114583333333334,0.9739583333333334,4.334713965608653
predictor,transfer,matched_ioi_189_2,189,3773,0.05009276437847866,0.13020833333333334,0.08854166666666667,0.171875,0.9427083333333334,0.9114583333333334,0.9739583333333334,4.351722452043218
lora,heldout,base,672,672,1.0,0.9764150943396226,0.9574292452830189,0.9952830188679245,0.4566929133858268,0.4251968503937008,0.4881889763779528,4.548658125398867
lora,heldout,adapted,0,672,0.0,0.0,0.0,0.0,1.0,1.0,1.0,4.435125520205451
lora,heldout,sva_3,3,672,0.004464285714285714,0.0,0.0,0.0,1.0,1.0,1.0,4.433296312827114
lora,heldout,sva_7,7,672,0.010416666666666666,0.0,0.0,0.0,1.0,1.0,1.0,4.432994132310622
lora,heldout,sva_13,13,672,0.019345238095238096,0.0,0.0,0.0,1.0,1.0,1.0,4.431250697988481
lora,heldout,sva_34,34,672,0.050595238095238096,0.08018867924528301,0.04716981132075472,0.11320754716981132,1.0,1.0,1.0,4.426596401473383
lora,heldout,sva_67,67,672,0.09970238095238096,0.3160377358490566,0.25943396226415094,0.36792452830188677,1.0,1.0,1.0,4.4245816376162885
lora,heldout,ioi_3,3,672,0.004464285714285714,0.0,0.0,0.0,1.0,1.0,1.0,4.434316010107029
lora,heldout,ioi_7,7,672,0.010416666666666666,0.0,0.0,0.0,1.0,1.0,1.0,4.433401247261232
lora,heldout,ioi_13,13,672,0.019345238095238096,0.0,0.0,0.0,1.0,1.0,1.0,4.4305361662745755
lora,heldout,ioi_34,34,672,0.050595238095238096,0.0,0.0,0.0,1.0,1.0,1.0,4.428183274904253
lora,heldout,ioi_67,67,672,0.09970238095238096,0.0,0.0,0.0,1.0,1.0,1.0,4.428836693827384
lora,heldout,random_3_0,3,672,0.004464285714285714,0.0,0.0,0.0,1.0,1.0,1.0,4.432007186645607
lora,heldout,random_3_1,3,672,0.004464285714285714,0.0,0.0,0.0,1.0,1.0,1.0,4.433664245546994
lora,heldout,random_3_2,3,672,0.004464285714285714,0.0,0.0,0.0,1.0,1.0,1.0,4.435249624312479
lora,heldout,random_7_0,7,672,0.010416666666666666,0.0,0.0,0.0,1.0,1.0,1.0,4.434543768192497
lora,heldout,random_7_1,7,672,0.010416666666666666,0.0,0.0,0.0,1.0,1.0,1.0,4.4364060514125905
lora,heldout,random_7_2,7,672,0.010416666666666666,0.0,0.0,0.0,1.0,1.0,1.0,4.435557174681699
lora,heldout,random_13_0,13,672,0.019345238095238096,0.0,0.0,0.0,1.0,1.0,1.0,4.431634611854812
lora,heldout,random_13_1,13,672,0.019345238095238096,0.0,0.0,0.0,1.0,1.0,1.0,4.432291161757024
lora,heldout,random_13_2,13,672,0.019345238095238096,0.0,0.0,0.0,1.0,1.0,1.0,4.418937081536837
lora,heldout,random_34_0,34,672,0.050595238095238096,0.0,0.0,0.0,1.0,1.0,1.0,4.432915188031826
lora,heldout,random_34_1,34,672,0.050595238095238096,0.0,0.0,0.0,1.0,1.0,1.0,4.431772015768876
lora,heldout,random_34_2,34,672,0.050595238095238096,0.0,0.0,0.0,1.0,1.0,1.0,4.427144334436206
lora,heldout,random_67_0,67,672,0.09970238095238096,0.0,0.0,0.0,1.0,1.0,1.0,4.424453794133186
lora,heldout,random_67_1,67,672,0.09970238095238096,0.0,0.0,0.0,1.0,1.0,1.0,4.436718715505001
lora,heldout,random_67_2,67,672,0.09970238095238096,0.0,0.0,0.0,1.0,1.0,1.0,4.43300372190771
lora,heldout,matched_sva_13_0,13,672,0.019345238095238096,0.0,0.0,0.0,1.0,1.0,1.0,4.434595840154409
lora,heldout,matched_sva_13_1,13,672,0.019345238095238096,0.0,0.0,0.0,1.0,1.0,1.0,4.433306125492705
lora,heldout,matched_sva_13_2,13,672,0.019345238095238096,0.0,0.0,0.0,1.0,1.0,1.0,4.435152699600175
lora,heldout,matched_sva_34_0,34,672,0.050595238095238096,0.0,0.0,0.0,1.0,1.0,1.0,4.428971353750618
lora,heldout,matched_sva_34_1,34,672,0.050595238095238096,0.009433962264150943,0.0,0.02358490566037736,1.0,1.0,1.0,4.424706241881985
lora,heldout,matched_sva_34_2,34,672,0.050595238095238096,0.014150943396226415,0.0,0.028419811320754076,1.0,1.0,1.0,4.428448872286691
lora,heldout,matched_sva_67_0,67,672,0.09970238095238096,0.10849056603773585,0.0660377358490566,0.1509433962264151,1.0,1.0,1.0,4.423804782471903
lora,heldout,matched_sva_67_1,67,672,0.09970238095238096,0.14622641509433962,0.1036556603773585,0.18867924528301888,1.0,1.0,1.0,4.422377951240296
lora,heldout,matched_sva_67_2,67,672,0.09970238095238096,0.1179245283018868,0.07547169811320754,0.16037735849056603,1.0,1.0,1.0,4.42558064712432
lora,heldout,matched_ioi_67_0,67,672,0.09970238095238096,0.0,0.0,0.0,1.0,1.0,1.0,4.426004300188265
lora,heldout,matched_ioi_67_1,67,672,0.09970238095238096,0.0,0.0,0.0,1.0,1.0,1.0,4.420466003832879
lora,heldout,matched_ioi_67_2,67,672,0.09970238095238096,0.0,0.0,0.0,1.0,1.0,1.0,4.424754376653734
lora,transfer,base,672,672,1.0,0.9947916666666666,0.984375,1.0,0.40625,0.3645833333333333,0.4427083333333333,4.339113135789098
lora,transfer,adapted,0,672,0.0,0.0,0.0,0.0,1.0,1.0,1.0,4.088540660968812
lora,transfer,sva_3,3,672,0.004464285714285714,0.0,0.0,0.0,1.0,1.0,1.0,4.088637061550875
lora,transfer,sva_7,7,672,0.010416666666666666,0.0,0.0,0.0,1.0,1.0,1.0,4.088424864939386
lora,transfer,sva_13,13,672,0.019345238095238096,0.005208333333333333,0.0,0.015625,1.0,1.0,1.0,4.086212807633407
lora,transfer,sva_34,34,672,0.050595238095238096,0.2552083333333333,0.19270833333333334,0.3229166666666667,1.0,1.0,1.0,4.08232674793439
lora,transfer,sva_67,67,672,0.09970238095238096,0.609375,0.5520833333333334,0.6666666666666666,1.0,1.0,1.0,4.072016991890939
lora,transfer,ioi_3,3,672,0.004464285714285714,0.0,0.0,0.0,1.0,1.0,1.0,4.084823478698505
lora,transfer,ioi_7,7,672,0.010416666666666666,0.0,0.0,0.0,1.0,1.0,1.0,4.0868595076947845
lora,transfer,ioi_13,13,672,0.019345238095238096,0.0,0.0,0.0,1.0,1.0,1.0,4.085969994056151
lora,transfer,ioi_34,34,672,0.050595238095238096,0.0,0.0,0.0,1.0,1.0,1.0,4.089506271414628
lora,transfer,ioi_67,67,672,0.09970238095238096,0.010416666666666666,0.0,0.026041666666666668,0.9947916666666666,0.984375,1.0,4.082872821943354
lora,transfer,random_3_0,3,672,0.004464285714285714,0.0,0.0,0.0,1.0,1.0,1.0,4.086303606537227
lora,transfer,random_3_1,3,672,0.004464285714285714,0.0,0.0,0.0,1.0,1.0,1.0,4.086963480702798
lora,transfer,random_3_2,3,672,0.004464285714285714,0.0,0.0,0.0,1.0,1.0,1.0,4.088067307502003
lora,transfer,random_7_0,7,672,0.010416666666666666,0.0,0.0,0.0,1.0,1.0,1.0,4.08976718757866
lora,transfer,random_7_1,7,672,0.010416666666666666,0.0,0.0,0.0,1.0,1.0,1.0,4.085768133040348
lora,transfer,random_7_2,7,672,0.010416666666666666,0.0,0.0,0.0,1.0,1.0,1.0,4.087513404737622
lora,transfer,random_13_0,13,672,0.019345238095238096,0.0,0.0,0.0,1.0,1.0,1.0,4.08662394573531
lora,transfer,random_13_1,13,672,0.019345238095238096,0.0,0.0,0.0,1.0,1.0,1.0,4.089736767994155
lora,transfer,random_13_2,13,672,0.019345238095238096,0.0,0.0,0.0,1.0,1.0,1.0,4.087709919907943
lora,transfer,random_34_0,34,672,0.050595238095238096,0.0,0.0,0.0,1.0,1.0,1.0,4.080976119485373
lora,transfer,random_34_1,34,672,0.050595238095238096,0.0,0.0,0.0,1.0,1.0,1.0,4.084215127231243
lora,transfer,random_34_2,34,672,0.050595238095238096,0.0,0.0,0.0,1.0,1.0,1.0,4.081980929842049
lora,transfer,random_67_0,67,672,0.09970238095238096,0.0,0.0,0.0,1.0,1.0,1.0,4.078199050828222
lora,transfer,random_67_1,67,672,0.09970238095238096,0.0,0.0,0.0,1.0,1.0,1.0,4.082499181493609
lora,transfer,random_67_2,67,672,0.09970238095238096,0.0,0.0,0.0,1.0,1.0,1.0,4.083796512178202
lora,transfer,matched_sva_13_0,13,672,0.019345238095238096,0.0,0.0,0.0,1.0,1.0,1.0,4.080305546524822
lora,transfer,matched_sva_13_1,13,672,0.019345238095238096,0.0,0.0,0.0,1.0,1.0,1.0,4.081045603257971
lora,transfer,matched_sva_13_2,13,672,0.019345238095238096,0.0,0.0,0.0,1.0,1.0,1.0,4.081293348932187
lora,transfer,matched_sva_34_0,34,672,0.050595238095238096,0.06770833333333333,0.036458333333333336,0.10416666666666667,1.0,1.0,1.0,4.076632107559479
lora,transfer,matched_sva_34_1,34,672,0.050595238095238096,0.046875,0.020833333333333332,0.078125,1.0,1.0,1.0,4.075634011789931
lora,transfer,matched_sva_34_2,34,672,0.050595238095238096,0.06770833333333333,0.036458333333333336,0.10416666666666667,1.0,1.0,1.0,4.0838578272958035
lora,transfer,matched_sva_67_0,67,672,0.09970238095238096,0.3177083333333333,0.2604166666666667,0.375,1.0,1.0,1.0,4.079112505689264
lora,transfer,matched_sva_67_1,67,672,0.09970238095238096,0.3802083333333333,0.3279947916666667,0.4322916666666667,1.0,1.0,1.0,4.066608163917325
lora,transfer,matched_sva_67_2,67,672,0.09970238095238096,0.3333333333333333,0.28125,0.3854166666666667,1.0,1.0,1.0,4.074417928345219
lora,transfer,matched_ioi_67_0,67,672,0.09970238095238096,0.020833333333333332,0.005208333333333333,0.046875,1.0,1.0,1.0,4.082125901934606
lora,transfer,matched_ioi_67_1,67,672,0.09970238095238096,0.020833333333333332,0.005208333333333333,0.046875,1.0,1.0,1.0,4.088103663370887
lora,transfer,matched_ioi_67_2,67,672,0.09970238095238096,0.005208333333333333,0.0,0.015625,1.0,1.0,1.0,4.083153655033869
