model,split,lens,task,nll,nll_low,nll_high,choice_accuracy,vocab_accuracy
dag,heldout,model,ioi,4.176095267449777,3.858258638466437,4.524374881797419,0.44881889763779526,0.03543307086614173
dag,heldout,model,retain,4.54658167377343,4.051015522155603,5.185094856484867,0.9324074074074075,0.27588584255250914
dag,heldout,model,sva,4.314935503703244,4.005332531569139,4.642988459372295,0.9764150943396226,0.1320754716981132
dag,heldout,direct_3,ioi,10.592332430711881,10.460981050157171,10.722652391561372,0.4881889763779528,0.0
dag,heldout,direct_3,retain,8.673132743843148,8.286842171346636,9.107916889513994,0.7769205662062804,0.01044973544973545
dag,heldout,direct_3,sva,9.427932889956349,9.233590145718377,9.607264026212242,0.5047169811320755,0.0
dag,heldout,jacobian_3,ioi,9.921266749149233,9.759705348136857,10.088258970159245,0.4881889763779528,0.0
dag,heldout,jacobian_3,retain,10.841481703359406,10.558083912637578,11.125661461174557,0.8081186009757438,0.007142857142857143
dag,heldout,jacobian_3,sva,11.714649877458248,11.483273742052745,11.949906208099058,0.4858490566037736,0.0
dag,heldout,direct_6,ioi,10.115632624138058,9.965995590142377,10.265071367372679,0.5511811023622047,0.0
dag,heldout,direct_6,retain,7.167859684996813,6.72732337555941,7.63131722080971,0.9126474495522114,0.12004970338303672
dag,heldout,direct_6,sva,5.54623667937967,5.094401365993017,5.981910463556083,0.9952830188679245,0.12735849056603774
dag,heldout,jacobian_6,ioi,8.792604232397606,8.623536606426313,8.974709835531204,0.531496062992126,0.0
dag,heldout,jacobian_6,retain,7.77890635299638,7.31526016963503,8.27176174855353,0.930794337937195,0.0900232483565817
dag,heldout,jacobian_6,sva,4.712942640068677,4.234263987181146,5.184314336666381,1.0,0.16981132075471697
dag,heldout,direct_9,ioi,4.397782832149446,4.036968115241978,4.78531378599133,0.4251968503937008,0.23228346456692914
dag,heldout,direct_9,retain,6.012511555076658,5.5547459249876905,6.527218346820246,0.965079365079365,0.1488685036304084
dag,heldout,direct_9,sva,7.138994807342313,6.718920468075096,7.596016250157131,0.9811320754716981,0.08018867924528301
dag,heldout,jacobian_9,ioi,4.295120847037458,3.989175766201939,4.633662048709674,0.44881889763779526,0.3700787401574803
dag,heldout,jacobian_9,retain,7.37277357035168,6.872803255222845,7.913333927822254,0.9561980347694634,0.10995957305481116
dag,heldout,jacobian_9,sva,7.6200979610659045,7.247982307143931,8.017778208036468,0.9716981132075472,0.07075471698113207
dag,transfer,model,ioi,3.821747995292147,3.7021704095415773,3.95592896079955,0.4010416666666667,0.0
dag,transfer,model,retain,4.336051330194301,3.6282114042925233,5.044044729838948,0.9236363636363636,0.3615151515151515
dag,transfer,model,sva,4.55460858096679,4.168798635310183,4.953350458604594,0.9947916666666666,0.09375
dag,transfer,direct_3,ioi,10.977129931251207,10.828270471965274,11.121151701236764,0.4947916666666667,0.0
dag,transfer,direct_3,retain,8.417550257769497,7.949797375140767,8.869602029818477,0.8493939393939393,0.03636363636363636
dag,transfer,direct_3,sva,10.331564478576183,10.148414506763219,10.519537291986246,0.5052083333333334,0.0
dag,transfer,jacobian_3,ioi,10.360660458604494,10.186517535025875,10.542861181000868,0.4583333333333333,0.0
dag,transfer,jacobian_3,retain,10.762358610268794,10.330448440147169,11.220216032013745,0.8357575757575759,0.0
dag,transfer,jacobian_3,sva,11.058550670742989,10.81710697201391,11.309154821808137,0.5,0.0
dag,transfer,direct_6,ioi,9.878374362985292,9.721000884349147,10.043905746440092,0.4947916666666667,0.0
dag,transfer,direct_6,retain,7.024278382819824,6.461412120601783,7.5997013934859154,0.9121212121212121,0.12333333333333334
dag,transfer,direct_6,sva,5.984942245452355,5.423713661559547,6.566751560576571,1.0,0.11458333333333333
dag,transfer,jacobian_6,ioi,8.905245579779148,8.740703684526185,9.077974529005587,0.5,0.0
dag,transfer,jacobian_6,retain,7.529941137008595,6.964611621563972,8.13868878630684,0.9348484848484848,0.08545454545454546
dag,transfer,jacobian_6,sva,4.929356842767447,4.295082234410803,5.552580959303303,1.0,0.21354166666666666
dag,transfer,direct_9,ioi,3.6056750112523637,3.4851650641610226,3.737210713404541,0.3854166666666667,0.3125
dag,transfer,direct_9,retain,5.904296670962466,5.397289315139706,6.47084770906107,0.9303030303030303,0.14727272727272728
dag,transfer,direct_9,sva,5.922778273622195,5.497857633574555,6.337196877039969,1.0,0.125
dag,transfer,jacobian_9,ioi,3.6858541338394084,3.5631881123408675,3.8156718239498635,0.3958333333333333,0.3802083333333333
dag,transfer,jacobian_9,retain,7.149354007271204,6.661682334883645,7.668073813060242,0.9636363636363636,0.08606060606060606
dag,transfer,jacobian_9,sva,6.567443254093329,6.190361615239332,6.944786602444946,1.0,0.09375
dense,heldout,model,ioi,4.364419791172809,4.095723274056836,4.646385883827378,0.46062992125984253,0.01968503937007874
dense,heldout,model,retain,4.798438336391867,4.287781259457411,5.401934819164301,0.9301707551707552,0.25654160654160657
dense,heldout,model,sva,4.32020651450697,4.007407933023741,4.670966729690443,0.9858490566037735,0.12735849056603774
dense,heldout,direct_3,ioi,11.432893681713916,11.323299056995571,11.54337022961594,0.44881889763779526,0.0
dense,heldout,direct_3,retain,9.628120144697162,9.276431449818043,9.963220586846644,0.8171442314299456,0.01771284271284271
dense,heldout,direct_3,sva,10.873227038473454,10.703108369404415,11.053929370979093,0.5,0.0
dense,heldout,jacobian_3,ioi,10.959892426888773,10.81868860064529,11.098666781421722,0.4448818897637795,0.0
dense,heldout,jacobian_3,retain,11.542501400383154,11.130227506916542,11.966696125561139,0.7332497308687784,0.014538239538239538
dense,heldout,jacobian_3,sva,14.596796760019267,14.118613124456045,15.078775920732966,0.5,0.0
dense,heldout,direct_6,ioi,9.087340120255478,8.851007648950487,9.325175360103293,0.4763779527559055,0.0
dense,heldout,direct_6,retain,6.935145486438375,6.463039732450164,7.402603462350651,0.9440098261526833,0.12835898669232002
dense,heldout,direct_6,sva,8.751807543466676,8.427390742470633,9.092630893329403,0.5849056603773585,0.0
dense,heldout,jacobian_6,ioi,7.55045160533875,7.269150230405837,7.837740103607103,0.468503937007874,0.031496062992125984
dense,heldout,jacobian_6,retain,8.249213903832336,7.848781498755516,8.676840611933454,0.9155706727135298,0.060105018438351775
dense,heldout,jacobian_6,sva,9.980206757221582,9.577960817600195,10.393209404090666,0.5471698113207547,0.0
dense,heldout,direct_9,ioi,4.815988776721354,4.501638087559873,5.147902131995817,0.452755905511811,0.047244094488188976
dense,heldout,direct_9,retain,5.498945176802287,5.057312450937245,6.000540085646848,0.9576719576719577,0.18722829199019675
dense,heldout,direct_9,sva,5.2522567167597,4.897436547827608,5.645764737505957,1.0,0.07547169811320754
dense,heldout,jacobian_9,ioi,3.9865980819454343,3.703694959982174,4.281598505377769,0.468503937007874,0.37401574803149606
dense,heldout,jacobian_9,retain,6.621851944702967,6.165413947157964,7.114162272924161,0.9593726379440665,0.13050115669163287
dense,heldout,jacobian_9,sva,6.103491852868278,5.749115137643409,6.491326513745873,0.9858490566037735,0.05188679245283019
dense,transfer,model,ioi,4.362343678871791,4.19283261699602,4.514506972301751,0.4479166666666667,0.0
dense,transfer,model,retain,4.4754056105774005,3.785642709453167,5.163314216849535,0.9327272727272726,0.3372727272727273
dense,transfer,model,sva,4.579870428269108,4.166279752583554,4.992608640979355,1.0,0.057291666666666664
dense,transfer,direct_3,ioi,11.198767612377802,11.099276591961583,11.296349299078186,0.4479166666666667,0.0
dense,transfer,direct_3,retain,9.261582048878525,8.788249181776337,9.708508179426193,0.8442424242424243,0.025757575757575753
dense,transfer,direct_3,sva,10.93683066467444,10.691191605354348,11.189498587201038,0.5052083333333334,0.0
dense,transfer,jacobian_3,ioi,10.49602784216404,10.334022198369105,10.65369221214205,0.4427083333333333,0.0
dense,transfer,jacobian_3,retain,11.208192707408557,10.742177930221413,11.680963104060202,0.7551515151515151,0.012121212121212121
dense,transfer,jacobian_3,sva,13.469333246350288,12.931419890125593,14.026342265307903,0.5052083333333334,0.0
dense,transfer,direct_6,ioi,9.212085579832396,9.076245115324856,9.33757179006934,0.4635416666666667,0.0
dense,transfer,direct_6,retain,6.235707546440941,5.606799685692357,6.862518629818251,0.9509090909090908,0.17484848484848486
dense,transfer,direct_6,sva,8.788657212009033,8.37160784776012,9.212102776455382,0.6302083333333334,0.0
dense,transfer,jacobian_6,ioi,7.69341217726469,7.509084224017958,7.865977576871712,0.4583333333333333,0.0
dense,transfer,jacobian_6,retain,7.423683275201104,6.832583859317231,7.990179832875728,0.9454545454545453,0.10727272727272728
dense,transfer,jacobian_6,sva,10.04302508632342,9.618167832307517,10.46379771400243,0.5729166666666666,0.0
dense,transfer,direct_9,ioi,4.760259055842956,4.582055924149851,4.929185539266715,0.4270833333333333,0.005208333333333333
dense,transfer,direct_9,retain,5.153728728920898,4.524372428690028,5.755229686549102,0.9569696969696969,0.2260606060606061
dense,transfer,direct_9,sva,4.9941551291073365,4.505271670307653,5.4654756195687995,1.0,0.21354166666666666
dense,transfer,jacobian_9,ioi,4.056003176917632,3.8790440215418736,4.233006776791687,0.4322916666666667,0.3177083333333333
dense,transfer,jacobian_9,retain,6.108696757505338,5.507753521890351,6.677824933300754,0.9787878787878789,0.15939393939393937
dense,transfer,jacobian_9,sva,5.744149298096697,5.314734582183882,6.174264423502608,1.0,0.203125
