model,split,arm,accuracy,ci_low,ci_high,margin,counterfactual_fraction
dag,heldout,clean,0.9764150943396226,0.9574292452830189,0.9952830188679245,3.2268722822081366,1.0
dag,heldout,corrupt,0.02358490566037736,0.0047169811320754715,0.042570754716980484,-3.2268722822081366,0.0
dag,heldout,top_16/necessity,0.22169811320754718,0.17452830188679244,0.2688679245283019,-1.2647509304982312,0.6959716437293835
dag,heldout,top_16/sufficiency,0.7735849056603774,0.7264150943396226,0.8207547169811321,1.2647509304982312,0.6959716437293835
dag,heldout,random_16_0/necessity,0.9764150943396226,0.9574292452830189,0.9952830188679245,3.2284488318101414,-0.00024428447489187425
dag,heldout,random_16_0/sufficiency,0.02358490566037736,0.0047169811320754715,0.042570754716980484,-3.2284488318101414,-0.00024428447489187425
dag,heldout,random_16_1/necessity,0.9764150943396226,0.9574292452830189,0.9952830188679245,3.2289946933962264,-0.00032886507467182197
dag,heldout,random_16_1/sufficiency,0.02358490566037736,0.0047169811320754715,0.042570754716980484,-3.2289946933962264,-0.00032886507467182197
dag,heldout,random_16_2/necessity,0.9716981132075472,0.9481132075471698,0.9905660377358491,3.2249629182635613,0.000295853659145893
dag,heldout,random_16_2/sufficiency,0.02358490566037736,0.0047169811320754715,0.042570754716980484,-3.2249629182635613,0.000295853659145893
dag,heldout,top_32/necessity,0.09433962264150944,0.05660377358490566,0.1320754716981132,-1.9406899506191038,0.800707586308792
dag,heldout,top_32/sufficiency,0.9009433962264151,0.8632075471698113,0.9386792452830188,1.9406899506191038,0.800707586308792
dag,heldout,random_32_0/necessity,0.9764150943396226,0.9574292452830189,0.9952830188679245,3.227131393720519,-4.0149018882886565e-05
dag,heldout,random_32_0/sufficiency,0.02358490566037736,0.0047169811320754715,0.042570754716980484,-3.227131393720519,-4.0149018882886565e-05
dag,heldout,random_32_1/necessity,0.9811320754716981,0.9622641509433962,0.9952830188679245,3.233157751695165,-0.000973925978056866
dag,heldout,random_32_1/sufficiency,0.018867924528301886,0.0047169811320754715,0.03773584905660377,-3.233157751695165,-0.000973925978056866
dag,heldout,random_32_2/necessity,0.9764150943396226,0.9574292452830189,0.9952830188679245,3.2271751547759435,-4.692974207199629e-05
dag,heldout,random_32_2/sufficiency,0.02358490566037736,0.0047169811320754715,0.042570754716980484,-3.2271751547759435,-4.692974207199629e-05
dag,heldout,top_64/necessity,0.05660377358490566,0.02830188679245283,0.08962264150943396,-2.3765552448776535,0.8682443922527026
dag,heldout,top_64/sufficiency,0.9433962264150944,0.910377358490566,0.9716981132075472,2.3765552448776535,0.8682443922527026
dag,heldout,random_64_0/necessity,0.9716981132075472,0.9481132075471698,0.9905660377358491,3.2405579764887973,-0.0021205819573521063
dag,heldout,random_64_0/sufficiency,0.02358490566037736,0.0047169811320754715,0.042570754716980484,-3.2405579764887973,-0.0021205819573521063
dag,heldout,random_64_1/necessity,0.9764150943396226,0.9574292452830189,0.9952830188679245,3.220772221403302,0.0009451971245451116
dag,heldout,random_64_1/sufficiency,0.02358490566037736,0.0047169811320754715,0.042570754716980484,-3.220772221403302,0.0009451971245451116
dag,heldout,random_64_2/necessity,0.9764150943396226,0.9574292452830189,0.9952830188679245,3.2230316737912736,0.0005950976798863409
dag,heldout,random_64_2/sufficiency,0.02358490566037736,0.0047169811320754715,0.042570754716980484,-3.2230316737912736,0.0005950976798863409
dag,heldout,top_128/necessity,0.0330188679245283,0.014150943396226415,0.06132075471698113,-2.703101392062205,0.9188423271299234
dag,heldout,top_128/sufficiency,0.9622641509433962,0.9339622641509434,0.9858490566037735,2.703101392062205,0.9188423271299234
dag,heldout,random_128_0/necessity,0.9764150943396226,0.9574292452830189,0.9952830188679245,3.206004016804245,0.003233512760785722
dag,heldout,random_128_0/sufficiency,0.02358490566037736,0.0047169811320754715,0.042570754716980484,-3.206004016804245,0.003233512760785722
dag,heldout,random_128_1/necessity,0.9764150943396226,0.9574292452830189,0.9952830188679245,3.213306355026533,0.0021020241886240167
dag,heldout,random_128_1/sufficiency,0.02358490566037736,0.0047169811320754715,0.042570754716980484,-3.213306355026533,0.0021020241886240167
dag,heldout,random_128_2/necessity,0.9811320754716981,0.9622641509433962,0.9952830188679245,3.2386152159492925,-0.001819553535772419
dag,heldout,random_128_2/sufficiency,0.018867924528301886,0.0047169811320754715,0.03773584905660377,-3.2386152159492925,-0.001819553535772419
dag,heldout,top_256/necessity,0.0047169811320754715,0.0,0.014150943396226415,-2.9461983734706663,0.9565099135957426
dag,heldout,top_256/sufficiency,0.9811320754716981,0.9622641509433962,0.9952830188679245,2.9461983734706663,0.9565099135957426
dag,heldout,random_256_0/necessity,0.9716981132075472,0.9481132075471698,0.9905660377358491,3.1989619417010613,0.004324673873980616
dag,heldout,random_256_0/sufficiency,0.02830188679245283,0.009433962264150943,0.05188679245283019,-3.1989619417010613,0.004324673873980616
dag,heldout,random_256_1/necessity,0.9764150943396226,0.9574292452830189,0.9952830188679245,3.2094853239239387,0.0026940883870836506
dag,heldout,random_256_1/sufficiency,0.02358490566037736,0.0047169811320754715,0.042570754716980484,-3.2094853239239387,0.0026940883870836506
dag,heldout,random_256_2/necessity,0.9811320754716981,0.9622641509433962,0.9952830188679245,3.213844155365566,0.0020186926694315366
dag,heldout,random_256_2/sufficiency,0.018867924528301886,0.0047169811320754715,0.03773584905660377,-3.213844155365566,0.0020186926694315366
dag,transfer,clean,0.9947916666666666,0.984375,1.0,3.4163761138916016,1.0
dag,transfer,corrupt,0.005208333333333333,0.0,0.015625,-3.4163761138916016,0.0
dag,transfer,top_16/necessity,0.19270833333333334,0.14583333333333334,0.24479166666666666,-1.3678294817606609,0.7001871919486293
dag,transfer,top_16/sufficiency,0.7916666666666666,0.7395833333333334,0.8385416666666666,1.3678294817606609,0.7001871919486293
dag,transfer,random_16_0/necessity,0.9947916666666666,0.984375,1.0,3.416635195414225,-3.791759367041376e-05
dag,transfer,random_16_0/sufficiency,0.005208333333333333,0.0,0.015625,-3.416635195414225,-3.791759367041376e-05
dag,transfer,random_16_1/necessity,0.9947916666666666,0.984375,1.0,3.4214280446370444,-0.0007393698142456631
dag,transfer,random_16_1/sufficiency,0.005208333333333333,0.0,0.015625,-3.4214280446370444,-0.0007393698142456631
dag,transfer,random_16_2/necessity,0.9947916666666666,0.984375,1.0,3.4143298467000327,0.0002994792030140532
dag,transfer,random_16_2/sufficiency,0.005208333333333333,0.0,0.015625,-3.4143298467000327,0.0002994792030140532
dag,transfer,top_32/necessity,0.057291666666666664,0.026041666666666668,0.09375,-2.092237671216329,0.8062071624240833
dag,transfer,top_32/sufficiency,0.9427083333333334,0.90625,0.9739583333333334,2.092237671216329,0.8062071624240833
dag,transfer,random_32_0/necessity,0.9947916666666666,0.984375,1.0,3.422391891479492,-0.0008804325676305645
dag,transfer,random_32_0/sufficiency,0.005208333333333333,0.0,0.015625,-3.422391891479492,-0.0008804325676305645
dag,transfer,random_32_1/necessity,0.9947916666666666,0.984375,1.0,3.4231084187825522,-0.000985299139573034
dag,transfer,random_32_1/sufficiency,0.005208333333333333,0.0,0.015625,-3.4231084187825522,-0.000985299139573034
dag,transfer,random_32_2/necessity,0.9947916666666666,0.984375,1.0,3.415811061859131,8.269757392535026e-05
dag,transfer,random_32_2/sufficiency,0.005208333333333333,0.0,0.015625,-3.415811061859131,8.269757392535026e-05
dag,transfer,top_64/necessity,0.020833333333333332,0.005208333333333333,0.041666666666666664,-2.5667114853858948,0.8756482600011725
dag,transfer,top_64/sufficiency,0.9791666666666666,0.9583333333333334,0.9947916666666666,2.5667114853858948,0.8756482600011725
dag,transfer,random_64_0/necessity,0.9947916666666666,0.984375,1.0,3.4715213775634766,-0.008070724919256462
dag,transfer,random_64_0/sufficiency,0.005208333333333333,0.0,0.015625,-3.4715213775634766,-0.008070724919256462
dag,transfer,random_64_1/necessity,0.9947916666666666,0.984375,1.0,3.410715103149414,0.0008285110528622433
dag,transfer,random_64_1/sufficiency,0.005208333333333333,0.0,0.015625,-3.410715103149414,0.0008285110528622433
dag,transfer,random_64_2/necessity,0.9947916666666666,0.984375,1.0,3.408444404602051,0.001160836662172385
dag,transfer,random_64_2/sufficiency,0.005208333333333333,0.0,0.015625,-3.408444404602051,0.001160836662172385
dag,transfer,top_128/necessity,0.005208333333333333,0.0,0.015625,-2.890532970428467,0.9230408002612824
dag,transfer,top_128/sufficiency,0.9947916666666666,0.984375,1.0,2.890532970428467,0.9230408002612824
dag,transfer,random_128_0/necessity,0.9947916666666666,0.984375,1.0,3.406259059906006,0.0014806704016659547
dag,transfer,random_128_0/sufficiency,0.005208333333333333,0.0,0.015625,-3.406259059906006,0.0014806704016659547
dag,transfer,random_128_1/necessity,0.9947916666666666,0.984375,1.0,3.393926461537679,0.0032855943850324605
dag,transfer,random_128_1/sufficiency,0.005208333333333333,0.0,0.015625,-3.393926461537679,0.0032855943850324605
dag,transfer,random_128_2/necessity,0.9947916666666666,0.984375,1.0,3.438350200653076,-0.0032159935014362162
dag,transfer,random_128_2/sufficiency,0.005208333333333333,0.0,0.015625,-3.438350200653076,-0.0032159935014362162
dag,transfer,top_256/necessity,0.005208333333333333,0.0,0.015625,-3.1186483005682626,0.9564263706046996
dag,transfer,top_256/sufficiency,0.9947916666666666,0.984375,1.0,3.1186483005682626,0.9564263706046996
dag,transfer,random_256_0/necessity,0.9947916666666666,0.984375,1.0,3.3682034810384116,0.0070502531406468226
dag,transfer,random_256_0/sufficiency,0.005208333333333333,0.0,0.015625,-3.3682034810384116,0.0070502531406468226
dag,transfer,random_256_1/necessity,0.9947916666666666,0.984375,1.0,3.404238740603129,0.0017763520297311155
dag,transfer,random_256_1/sufficiency,0.005208333333333333,0.0,0.015625,-3.404238740603129,0.0017763520297311155
dag,transfer,random_256_2/necessity,0.9947916666666666,0.984375,1.0,3.399606227874756,0.002454338377536408
dag,transfer,random_256_2/sufficiency,0.005208333333333333,0.0,0.015625,-3.399606227874756,0.002454338377536408
dense,heldout,clean,0.9858490566037735,0.9669811320754716,1.0,2.809437301923644,1.0
dense,heldout,corrupt,0.014150943396226415,0.0,0.0330188679245283,-2.809437301923644,0.0
dense,heldout,top_16/necessity,0.5094339622641509,0.46226415094339623,0.5566037735849056,-0.09470813679245282,0.5168553568943512
dense,heldout,top_16/sufficiency,0.47641509433962265,0.42924528301886794,0.5235849056603774,0.09470813679245282,0.5168553568943512
dense,heldout,random_16_0/necessity,0.9858490566037735,0.9669811320754716,1.0,2.8128265524810216,-0.0006031902820997299
dense,heldout,random_16_0/sufficiency,0.014150943396226415,0.0,0.0330188679245283,-2.8128265524810216,-0.0006031902820997299
dense,heldout,random_16_1/necessity,0.9858490566037735,0.9669811320754716,1.0,2.808016795032429,0.00025280985808830657
dense,heldout,random_16_1/sufficiency,0.014150943396226415,0.0,0.0330188679245283,-2.808016795032429,0.00025280985808830657
dense,heldout,random_16_2/necessity,0.9858490566037735,0.9669811320754716,1.0,2.7899290840580777,0.0034719083875281017
dense,heldout,random_16_2/sufficiency,0.014150943396226415,0.0,0.0330188679245283,-2.7899290840580777,0.0034719083875281017
dense,heldout,top_32/necessity,0.14150943396226415,0.09905660377358491,0.18396226415094338,-1.118029900316922,0.6989775496237981
dense,heldout,top_32/sufficiency,0.8490566037735849,0.8066037735849056,0.8915094339622641,1.118029900316922,0.6989775496237981
dense,heldout,random_32_0/necessity,0.9858490566037735,0.9669811320754716,1.0,2.812732696533203,-0.0005864865906249046
dense,heldout,random_32_0/sufficiency,0.014150943396226415,0.0,0.0330188679245283,-2.812732696533203,-0.0005864865906249046
dense,heldout,random_32_1/necessity,0.9858490566037735,0.9669811320754716,1.0,2.807914877837559,0.00027094822245054016
dense,heldout,random_32_1/sufficiency,0.014150943396226415,0.0,0.0330188679245283,-2.807914877837559,0.00027094822245054016
dense,heldout,random_32_2/necessity,0.9858490566037735,0.9669811320754716,1.0,2.809753993772111,-5.6362149148183475e-05
dense,heldout,random_32_2/sufficiency,0.014150943396226415,0.0,0.0330188679245283,-2.809753993772111,-5.6362149148183475e-05
dense,heldout,top_64/necessity,0.05660377358490566,0.02830188679245283,0.08962264150943396,-1.9019294594818692,0.8384893939757265
dense,heldout,top_64/sufficiency,0.9339622641509434,0.9009433962264151,0.9622641509433962,1.9019294594818692,0.8384893939757265
dense,heldout,random_64_0/necessity,0.9858490566037735,0.9669811320754716,1.0,2.8033599853515625,0.0010815896421536408
dense,heldout,random_64_0/sufficiency,0.014150943396226415,0.0,0.0330188679245283,-2.8033599853515625,0.0010815896421536408
dense,heldout,random_64_1/necessity,0.9858490566037735,0.9669811320754716,1.0,2.807346559920401,0.0003720926610128258
dense,heldout,random_64_1/sufficiency,0.014150943396226415,0.0,0.0330188679245283,-2.807346559920401,0.0003720926610128258
dense,heldout,random_64_2/necessity,0.9858490566037735,0.9669811320754716,1.0,2.795963755193746,0.002397908421140438
dense,heldout,random_64_2/sufficiency,0.014150943396226415,0.0,0.0330188679245283,-2.795963755193746,0.002397908421140438
dense,heldout,top_128/necessity,0.02830188679245283,0.009433962264150943,0.05188679245283019,-2.3173229289504715,0.9124176267190199
dense,heldout,top_128/sufficiency,0.9716981132075472,0.9481132075471698,0.9905660377358491,2.3173229289504715,0.9124176267190199
dense,heldout,random_128_0/necessity,0.9858490566037735,0.9669811320754716,1.0,2.8275699255601414,-0.0032270917069553554
dense,heldout,random_128_0/sufficiency,0.014150943396226415,0.0,0.0330188679245283,-2.8275699255601414,-0.0032270917069553554
dense,heldout,random_128_1/necessity,0.9858490566037735,0.9669811320754716,1.0,2.8214430898990273,-0.0021366890742076355
dense,heldout,random_128_1/sufficiency,0.014150943396226415,0.0,0.0330188679245283,-2.8214430898990273,-0.0021366890742076355
dense,heldout,random_128_2/necessity,0.9858490566037735,0.9669811320754716,1.0,2.7913426813089623,0.0032203282490575733
dense,heldout,random_128_2/sufficiency,0.014150943396226415,0.0,0.0330188679245283,-2.7913426813089623,0.0032203282490575733
dense,heldout,top_256/necessity,0.014150943396226415,0.0,0.0330188679245283,-2.5958750023032136,0.9619919797686529
dense,heldout,top_256/sufficiency,0.9858490566037735,0.9669811320754716,1.0,2.5958750023032136,0.9619919797686529
dense,heldout,random_256_0/necessity,0.9811320754716981,0.9622641509433962,0.9952830188679245,2.743785930129717,0.011684078471688062
dense,heldout,random_256_0/sufficiency,0.018867924528301886,0.0047169811320754715,0.03773584905660377,-2.743785930129717,0.011684078471688062
dense,heldout,random_256_1/necessity,0.9858490566037735,0.9669811320754716,1.0,2.7817250377727003,0.004931995480370498
dense,heldout,random_256_1/sufficiency,0.014150943396226415,0.0,0.0330188679245283,-2.7817250377727003,0.004931995480370498
dense,heldout,random_256_2/necessity,0.9858490566037735,0.9669811320754716,1.0,2.803222008471219,0.0011061456057711563
dense,heldout,random_256_2/sufficiency,0.014150943396226415,0.0,0.0330188679245283,-2.803222008471219,0.0011061456057711563
dense,transfer,clean,1.0,1.0,1.0,3.550543030103048,1.0
dense,transfer,corrupt,0.0,0.0,0.0,-3.550543030103048,0.0
dense,transfer,top_16/necessity,0.453125,0.3958333333333333,0.5104166666666666,-0.05507659912109375,0.5077560810633938
dense,transfer,top_16/sufficiency,0.5260416666666666,0.46875,0.5833333333333334,0.05507659912109375,0.5077560810633938
dense,transfer,random_16_0/necessity,1.0,1.0,1.0,3.5497653484344482,0.000109515877149766
dense,transfer,random_16_0/sufficiency,0.0,0.0,0.0,-3.5497653484344482,0.000109515877149766
dense,transfer,random_16_1/necessity,1.0,1.0,1.0,3.5415055751800537,0.0012726862970495647
dense,transfer,random_16_1/sufficiency,0.0,0.0,0.0,-3.5415055751800537,0.0012726862970495647
dense,transfer,random_16_2/necessity,1.0,1.0,1.0,3.5490281184514365,0.00021333520517386332
dense,transfer,random_16_2/sufficiency,0.0,0.0,0.0,-3.5490281184514365,0.00021333520517386332
dense,transfer,top_32/necessity,0.036458333333333336,0.015625,0.0625,-1.3375689188639324,0.6883611756741773
dense,transfer,top_32/sufficiency,0.9583333333333334,0.9322916666666666,0.984375,1.3375689188639324,0.6883611756741773
dense,transfer,random_32_0/necessity,1.0,1.0,1.0,3.5503708521525064,2.4246706641966995e-05
dense,transfer,random_32_0/sufficiency,0.0,0.0,0.0,-3.5503708521525064,2.4246706641966995e-05
dense,transfer,random_32_1/necessity,1.0,1.0,1.0,3.546722412109375,0.0005380329095126898
dense,transfer,random_32_1/sufficiency,0.0,0.0,0.0,-3.546722412109375,0.0005380329095126898
dense,transfer,random_32_2/necessity,1.0,1.0,1.0,3.5482786496480307,0.00031887804707881126
dense,transfer,random_32_2/sufficiency,0.0,0.0,0.0,-3.5482786496480307,0.00031887804707881126
dense,transfer,top_64/necessity,0.0,0.0,0.0,-2.313446044921875,0.8257876366104386
dense,transfer,top_64/sufficiency,1.0,1.0,1.0,2.313446044921875,0.8257876366104386
dense,transfer,random_64_0/necessity,1.0,1.0,1.0,3.541296641031901,0.001302109141158372
dense,transfer,random_64_0/sufficiency,0.0,0.0,0.0,-3.541296641031901,0.001302109141158372
dense,transfer,random_64_1/necessity,1.0,1.0,1.0,3.5454530715942383,0.0007167859205837706
dense,transfer,random_64_1/sufficiency,0.0,0.0,0.0,-3.5454530715942383,0.0007167859205837706
dense,transfer,random_64_2/necessity,1.0,1.0,1.0,3.544543981552124,0.0008448071886555271
dense,transfer,random_64_2/sufficiency,0.0,0.0,0.0,-3.544543981552124,0.0008448071886555271
dense,transfer,top_128/necessity,0.0,0.0,0.0,-2.8005322019259133,0.894380828253845
dense,transfer,top_128/sufficiency,1.0,1.0,1.0,2.8005322019259133,0.894380828253845
dense,transfer,random_128_0/necessity,1.0,1.0,1.0,3.577937444051107,-0.0038577780519482973
dense,transfer,random_128_0/sufficiency,0.0,0.0,0.0,-3.577937444051107,-0.0038577780519482973
dense,transfer,random_128_1/necessity,1.0,1.0,1.0,3.530945301055908,0.0027598213683063992
dense,transfer,random_128_1/sufficiency,0.0,0.0,0.0,-3.530945301055908,0.0027598213683063992
dense,transfer,random_128_2/necessity,1.0,1.0,1.0,3.519308090209961,0.004398614469429514
dense,transfer,random_128_2/sufficiency,0.0,0.0,0.0,-3.519308090209961,0.004398614469429514
dense,transfer,top_256/necessity,0.0,0.0,0.0,-3.1396255493164062,0.9421331501543982
dense,transfer,top_256/sufficiency,1.0,1.0,1.0,3.1396255493164062,0.9421331501543982
dense,transfer,random_256_0/necessity,1.0,1.0,1.0,3.476539929707845,0.0104213777678192
dense,transfer,random_256_0/sufficiency,0.0,0.0,0.0,-3.476539929707845,0.0104213777678192
dense,transfer,random_256_1/necessity,1.0,1.0,1.0,3.508919874827067,0.0058615196215172465
dense,transfer,random_256_1/sufficiency,0.0,0.0,0.0,-3.508919874827067,0.0058615196215172465
dense,transfer,random_256_2/necessity,1.0,1.0,1.0,3.540330648422241,0.0014381436296112265
dense,transfer,random_256_2/sufficiency,0.0,0.0,0.0,-3.540330648422241,0.0014381436296112265
