size,family,nominal_parameters_m,actual_parameters,processed_tokens,tokens_per_actual_parameter,checkpoint_step,training_corpus,budget_status,wikitext_bpb,wikitext_word_ppl,eval_date,eval_commit,source
75m,baseline,75,76558848,1572864000,20.544509760648435,3000,Dolma v1.7,completed configured budget,1.393098883168498,174.79589732762713,2026-09-17T06:41:19+00:00,2ff824b84e0c8a169d7009976a479c19269632dd,experiments/results/eval_20260917/standard_matched/75m-baseline__custom.json
75m,dagformer,75,105657332,1572864000,14.886463345487467,3000,Dolma v1.7,completed configured budget,1.347233672554265,147.4687609630334,2026-09-17T06:45:26+00:00,2ff824b84e0c8a169d7009976a479c19269632dd,experiments/results/eval_20260917/standard_matched/75m-dagformer__custom.json
150m,baseline,150,152593152,3145728000,20.615132191515382,6000,Dolma v1.7,completed configured budget,1.1958959597834913,84.15602250308552,2026-09-17T06:49:33+00:00,4e7e5d1528fd24552a09c8bb32d6a3ad6e536d90,experiments/results/eval_20260917/standard_matched/150m-baseline__custom.json
150m,dagformer,150,182561679,3145728000,17.23104222765173,6000,Dolma v1.7,completed configured budget,1.1521071165250558,71.54782157666195,2026-09-17T06:54:11+00:00,4e7e5d1528fd24552a09c8bb32d6a3ad6e536d90,experiments/results/eval_20260917/standard_matched/150m-dagformer__custom.json
300m,baseline,300,304137216,4719116288,15.51640522677764,9000,Dolma v1.7,intermediate: 9001 of 12000 updates,1.0713994894850485,53.0490821485065,2026-09-17T06:30:02+00:00,2ff824b84e0c8a169d7009976a479c19269632dd,experiments/results/eval_20260917/standard_matched/300m-baseline__custom.json
300m,dagformer,300,336447805,4719116288,14.026295365487671,9000,Dolma v1.7,intermediate: 9001 of 12000 updates,1.0224808260122566,44.2518463712234,2026-09-17T06:35:52+00:00,2ff824b84e0c8a169d7009976a479c19269632dd,experiments/results/eval_20260917/standard_matched/300m-dagformer__custom.json
600m,baseline,600,682710528,12006195200,17.586070094996398,22900,Dolma v1.7,completed configured budget,0.9648109639926131,35.73532505073871,2026-09-26T02:06:58+00:00,6cfdc7b6e95bb791042cbc3e0618a91e63ac02df,experiments/review_xiaocong_20260928/scaling/provenance/standard_600m/600m-baseline__custom.json
600m,dagformer,600,717003240,12006195200,16.74496645231338,22900,Dolma v1.7,completed configured budget,0.9309284331706799,31.51777628602803,2026-09-26T02:09:17+00:00,6cfdc7b6e95bb791042cbc3e0618a91e63ac02df,experiments/review_xiaocong_20260928/scaling/provenance/standard_600m/600m-dagformer__custom.json
1b,baseline,1000,1279395840,20006830080,15.637717002425145,38160,OLMo-mix,completed configured budget,0.9163833702569069,29.863572138232986,2026-09-17T22:27:59+00:00,6cfdc7b6e95bb791042cbc3e0618a91e63ac02df,experiments/results/completed_scaling_20260917/standard_1b/1b-baseline__custom.json
1b,dagformer,1000,1316049239,20006830080,15.202189619593709,38160,OLMo-mix,completed configured budget,0.8805658012700425,26.150781513797536,2026-09-22T07:07:29+00:00,6b98e2cf9a26a00c9553304349a52712d08b1808,experiments/results/completed_scaling_20260917/standard_1b/1b-dagformer__custom.json
